replicate	tool	TP	FP	FN	precision	recall	F1	empirical_FDR	n_called
1	edgeR	73	620	27	0.105339105	0.73	0.184110971	0.894660895	693
1	DESeq2	65	103	35	0.386904762	0.65	0.485074627	0.613095238	168
1	ALDEx2	59	0	41	1	0.59	0.742138365	0	59
1	metaSeq	70	13	30	0.843373494	0.7	0.765027322	0.156626506	83
1	ADAPT	71	11	29	0.865853659	0.71	0.78021978	0.134146341	82
1	ANCOMBC2	38	280	62	0.119496855	0.38	0.181818182	0.880503145	318
1	MaAsLin3	38	9	62	0.808510638	0.38	0.517006803	0.191489362	47
1	Union	76	785	24	0.088269454	0.76	0.158168574	0.911730546	861
1	Vote_2of7	72	206	28	0.258992806	0.72	0.380952381	0.741007194	278
1	Vote_3of7	69	36	31	0.657142857	0.69	0.673170732	0.342857143	105
1	Vote_4of7	64	7	36	0.901408451	0.64	0.748538012	0.098591549	71
1	Vote_5of7	57	2	43	0.966101695	0.57	0.716981132	0.033898305	59
1	Vote_6of7	40	0	60	1	0.4	0.571428571	0	40
1	Intersect	36	0	64	1	0.36	0.529411765	0	36
1	Fisher	75	503	25	0.129757785	0.75	0.221238938	0.870242215	578
1	Stouffer	74	328	26	0.184079602	0.74	0.294820717	0.815920398	402
1	Cauchy	75	590	25	0.112781955	0.75	0.196078431	0.887218045	665
2	edgeR	74	793	26	0.085351788	0.74	0.153050672	0.914648212	867
2	DESeq2	62	106	38	0.369047619	0.62	0.462686567	0.630952381	168
2	ALDEx2	53	1	47	0.981481481	0.53	0.688311688	0.018518519	54
2	metaSeq	62	8	38	0.885714286	0.62	0.729411765	0.114285714	70
2	ADAPT	67	13	33	0.8375	0.67	0.744444444	0.1625	80
2	ANCOMBC2	29	384	71	0.070217918	0.29	0.113060429	0.929782082	413
2	MaAsLin3	24	7	76	0.774193548	0.24	0.366412214	0.225806452	31
2	Union	74	926	26	0.074	0.74	0.134545455	0.926	1000
2	Vote_2of7	67	306	33	0.179624665	0.67	0.283298097	0.820375335	373
2	Vote_3of7	64	70	36	0.47761194	0.64	0.547008547	0.52238806	134
2	Vote_4of7	62	7	38	0.898550725	0.62	0.733727811	0.101449275	69
2	Vote_5of7	51	3	49	0.944444444	0.51	0.662337662	0.055555556	54
2	Vote_6of7	32	0	68	1	0.32	0.484848485	0	32
2	Intersect	21	0	79	1	0.21	0.347107438	0	21
2	Fisher	74	622	26	0.106321839	0.74	0.185929648	0.893678161	696
2	Stouffer	72	409	28	0.14968815	0.72	0.247848537	0.85031185	481
2	Cauchy	74	687	26	0.097240473	0.74	0.171893148	0.902759527	761
3	edgeR	77	770	23	0.090909091	0.77	0.162618796	0.909090909	847
3	DESeq2	66	128	34	0.340206186	0.66	0.448979592	0.659793814	194
3	ALDEx2	59	0	41	1	0.59	0.742138365	0	59
3	metaSeq	69	9	31	0.884615385	0.69	0.775280899	0.115384615	78
3	ADAPT	70	13	30	0.843373494	0.7	0.765027322	0.156626506	83
3	ANCOMBC2	39	304	61	0.113702624	0.39	0.176072235	0.886297376	343
3	MaAsLin3	35	7	65	0.833333333	0.35	0.492957746	0.166666667	42
3	Union	78	896	22	0.080082136	0.78	0.145251397	0.919917864	974
3	Vote_2of7	71	279	29	0.202857143	0.71	0.315555556	0.797142857	350
3	Vote_3of7	68	45	32	0.601769912	0.68	0.638497653	0.398230088	113
3	Vote_4of7	66	8	34	0.891891892	0.66	0.75862069	0.108108108	74
3	Vote_5of7	58	3	42	0.950819672	0.58	0.720496894	0.049180328	61
3	Vote_6of7	43	0	57	1	0.43	0.601398601	0	43
3	Intersect	31	0	69	1	0.31	0.473282443	0	31
3	Fisher	75	603	25	0.110619469	0.75	0.192802057	0.889380531	678
3	Stouffer	73	394	27	0.156316916	0.73	0.257495591	0.843683084	467
3	Cauchy	76	669	24	0.102013423	0.76	0.179881657	0.897986577	745
4	edgeR	80	812	20	0.089686099	0.8	0.161290323	0.910313901	892
4	DESeq2	69	167	31	0.292372881	0.69	0.410714286	0.707627119	236
4	ALDEx2	63	6	37	0.913043478	0.63	0.74556213	0.086956522	69
4	metaSeq	70	22	30	0.760869565	0.7	0.729166667	0.239130435	92
4	ADAPT	75	13	25	0.852272727	0.75	0.79787234	0.147727273	88
4	ANCOMBC2	39	371	61	0.095121951	0.39	0.152941176	0.904878049	410
4	MaAsLin3	33	16	67	0.673469388	0.33	0.44295302	0.326530612	49
4	Union	80	930	20	0.079207921	0.8	0.144144144	0.920792079	1010
4	Vote_2of7	75	337	25	0.182038835	0.75	0.29296875	0.817961165	412
4	Vote_3of7	72	106	28	0.404494382	0.72	0.517985612	0.595505618	178
4	Vote_4of7	69	18	31	0.793103448	0.69	0.737967914	0.206896552	87
4	Vote_5of7	61	10	39	0.85915493	0.61	0.713450292	0.14084507	71
4	Vote_6of7	42	4	58	0.913043478	0.42	0.575342466	0.086956522	46
4	Intersect	30	2	70	0.9375	0.3	0.454545455	0.0625	32
4	Fisher	80	639	20	0.111265647	0.8	0.195360195	0.888734353	719
4	Stouffer	79	453	21	0.148496241	0.79	0.25	0.851503759	532
4	Cauchy	80	723	20	0.099626401	0.8	0.177187154	0.900373599	803
5	edgeR	79	731	21	0.097530864	0.79	0.173626374	0.902469136	810
5	DESeq2	65	120	35	0.351351351	0.65	0.456140351	0.648648649	185
5	ALDEx2	59	0	41	1	0.59	0.742138365	0	59
5	metaSeq	69	13	31	0.841463415	0.69	0.758241758	0.158536585	82
5	ADAPT	71	9	29	0.8875	0.71	0.788888889	0.1125	80
5	ANCOMBC2	38	303	62	0.11143695	0.38	0.172335601	0.88856305	341
5	MaAsLin3	35	5	65	0.875	0.35	0.5	0.125	40
5	Union	79	860	21	0.084132055	0.79	0.152069297	0.915867945	939
5	Vote_2of7	71	254	29	0.218461538	0.71	0.334117647	0.781538462	325
5	Vote_3of7	70	54	30	0.564516129	0.7	0.625	0.435483871	124
5	Vote_4of7	65	10	35	0.866666667	0.65	0.742857143	0.133333333	75
5	Vote_5of7	59	3	41	0.951612903	0.59	0.728395062	0.048387097	62
5	Vote_6of7	41	0	59	1	0.41	0.581560284	0	41
5	Intersect	31	0	69	1	0.31	0.473282443	0	31
5	Fisher	74	549	26	0.118780096	0.74	0.204702628	0.881219904	623
5	Stouffer	74	364	26	0.168949772	0.74	0.275092937	0.831050228	438
5	Cauchy	74	628	26	0.105413105	0.74	0.184538653	0.894586895	702
6	edgeR	86	675	14	0.113009198	0.86	0.199767712	0.886990802	761
6	DESeq2	75	96	25	0.438596491	0.75	0.553505535	0.561403509	171
6	ALDEx2	67	0	33	1	0.67	0.80239521	0	67
6	metaSeq	84	14	16	0.857142857	0.84	0.848484848	0.142857143	98
6	ADAPT	83	6	17	0.93258427	0.83	0.878306878	0.06741573	89
6	ANCOMBC2	39	376	61	0.093975904	0.39	0.151456311	0.906024096	415
6	MaAsLin3	38	6	62	0.863636364	0.38	0.527777778	0.136363636	44
6	Union	88	850	12	0.093816631	0.88	0.16955684	0.906183369	938
6	Vote_2of7	84	263	16	0.242074928	0.84	0.375838926	0.757925072	347
6	Vote_3of7	83	47	17	0.638461538	0.83	0.72173913	0.361538462	130
6	Vote_4of7	73	11	27	0.869047619	0.73	0.793478261	0.130952381	84
6	Vote_5of7	67	2	33	0.971014493	0.67	0.792899408	0.028985507	69
6	Vote_6of7	44	0	56	1	0.44	0.611111111	0	44
6	Intersect	33	0	67	1	0.33	0.496240602	0	33
6	Fisher	87	578	13	0.130827068	0.87	0.22745098	0.869172932	665
6	Stouffer	84	374	16	0.183406114	0.84	0.301075269	0.816593886	458
6	Cauchy	88	658	12	0.117962466	0.88	0.208037825	0.882037534	746
7	edgeR	77	761	23	0.091885442	0.77	0.164179104	0.908114558	838
7	DESeq2	63	147	37	0.3	0.63	0.406451613	0.7	210
7	ALDEx2	54	0	46	1	0.54	0.701298701	0	54
7	metaSeq	69	11	31	0.8625	0.69	0.766666667	0.1375	80
7	ADAPT	71	4	29	0.946666667	0.71	0.811428571	0.053333333	75
7	ANCOMBC2	34	388	66	0.08056872	0.34	0.130268199	0.91943128	422
7	MaAsLin3	34	14	66	0.708333333	0.34	0.459459459	0.291666667	48
7	Union	77	894	23	0.079299691	0.77	0.14379085	0.920700309	971
7	Vote_2of7	71	323	29	0.180203046	0.71	0.287449393	0.819796954	394
7	Vote_3of7	70	93	30	0.429447853	0.7	0.532319392	0.570552147	163
7	Vote_4of7	63	11	37	0.851351351	0.63	0.724137931	0.148648649	74
7	Vote_5of7	54	4	46	0.931034483	0.54	0.683544304	0.068965517	58
7	Vote_6of7	40	0	60	1	0.4	0.571428571	0	40
7	Intersect	27	0	73	1	0.27	0.42519685	0	27
7	Fisher	74	585	26	0.112291351	0.74	0.194993412	0.887708649	659
7	Stouffer	74	390	26	0.159482759	0.74	0.262411348	0.840517241	464
7	Cauchy	75	640	25	0.104895105	0.75	0.18404908	0.895104895	715
8	edgeR	79	785	21	0.091435185	0.79	0.163900415	0.908564815	864
8	DESeq2	64	142	36	0.310679612	0.64	0.418300654	0.689320388	206
8	ALDEx2	54	2	46	0.964285714	0.54	0.692307692	0.035714286	56
8	metaSeq	68	16	32	0.80952381	0.68	0.739130435	0.19047619	84
8	ADAPT	70	11	30	0.864197531	0.7	0.773480663	0.135802469	81
8	ANCOMBC2	43	360	57	0.106699752	0.43	0.170974155	0.893300248	403
8	MaAsLin3	40	11	60	0.784313725	0.4	0.529801325	0.215686275	51
8	Union	80	930	20	0.079207921	0.8	0.144144144	0.920792079	1010
8	Vote_2of7	70	323	30	0.178117048	0.7	0.283975659	0.821882952	393
8	Vote_3of7	68	55	32	0.552845528	0.68	0.609865471	0.447154472	123
8	Vote_4of7	64	13	36	0.831168831	0.64	0.723163842	0.168831169	77
8	Vote_5of7	54	5	46	0.915254237	0.54	0.679245283	0.084745763	59
8	Vote_6of7	44	1	56	0.977777778	0.44	0.606896552	0.022222222	45
8	Intersect	38	0	62	1	0.38	0.550724638	0	38
8	Fisher	78	649	22	0.107290234	0.78	0.188633615	0.892709766	727
8	Stouffer	75	408	25	0.155279503	0.75	0.25728988	0.844720497	483
8	Cauchy	76	737	24	0.093480935	0.76	0.166484118	0.906519065	813
9	edgeR	73	662	27	0.099319728	0.73	0.174850299	0.900680272	735
9	DESeq2	58	95	42	0.379084967	0.58	0.458498024	0.620915033	153
9	ALDEx2	55	0	45	1	0.55	0.709677419	0	55
9	metaSeq	67	15	33	0.817073171	0.67	0.736263736	0.182926829	82
9	ADAPT	68	11	32	0.860759494	0.68	0.759776536	0.139240506	79
9	ANCOMBC2	35	353	65	0.090206186	0.35	0.143442623	0.909793814	388
9	MaAsLin3	29	3	71	0.90625	0.29	0.439393939	0.09375	32
9	Union	76	832	24	0.083700441	0.76	0.150793651	0.916299559	908
9	Vote_2of7	67	248	33	0.212698413	0.67	0.322891566	0.787301587	315
9	Vote_3of7	65	46	35	0.585585586	0.65	0.616113744	0.414414414	111
9	Vote_4of7	58	11	42	0.84057971	0.58	0.686390533	0.15942029	69
9	Vote_5of7	55	2	45	0.964912281	0.55	0.700636943	0.035087719	57
9	Vote_6of7	36	0	64	1	0.36	0.529411765	0	36
9	Intersect	28	0	72	1	0.28	0.4375	0	28
9	Fisher	75	520	25	0.12605042	0.75	0.215827338	0.87394958	595
9	Stouffer	72	373	28	0.161797753	0.72	0.264220183	0.838202247	445
9	Cauchy	74	567	26	0.115444618	0.74	0.199730094	0.884555382	641
10	edgeR	80	662	20	0.107816712	0.8	0.190023753	0.892183288	742
10	DESeq2	61	80	39	0.432624113	0.61	0.506224066	0.567375887	141
10	ALDEx2	54	0	46	1	0.54	0.701298701	0	54
10	metaSeq	73	10	27	0.879518072	0.73	0.797814208	0.120481928	83
10	ADAPT	75	12	25	0.862068966	0.75	0.802139037	0.137931034	87
10	ANCOMBC2	23	355	77	0.060846561	0.23	0.09623431	0.939153439	378
10	MaAsLin3	19	1	81	0.95	0.19	0.316666667	0.05	20
10	Union	80	826	20	0.088300221	0.8	0.159045726	0.911699779	906
10	Vote_2of7	76	240	24	0.240506329	0.76	0.365384615	0.759493671	316
10	Vote_3of7	73	46	27	0.613445378	0.73	0.666666667	0.386554622	119
10	Vote_4of7	61	6	39	0.910447761	0.61	0.730538922	0.089552239	67
10	Vote_5of7	53	2	47	0.963636364	0.53	0.683870968	0.036363636	55
10	Vote_6of7	25	0	75	1	0.25	0.4	0	25
10	Intersect	17	0	83	1	0.17	0.290598291	0	17
10	Fisher	80	522	20	0.132890365	0.8	0.227920228	0.867109635	602
10	Stouffer	78	350	22	0.182242991	0.78	0.295454545	0.817757009	428
10	Cauchy	80	578	20	0.121580547	0.8	0.211081794	0.878419453	658
11	edgeR	78	587	22	0.117293233	0.78	0.203921569	0.882706767	665
11	DESeq2	62	82	38	0.430555556	0.62	0.508196721	0.569444444	144
11	ALDEx2	55	0	45	1	0.55	0.709677419	0	55
11	metaSeq	73	9	27	0.890243902	0.73	0.802197802	0.109756098	82
11	ADAPT	73	5	27	0.935897436	0.73	0.820224719	0.064102564	78
11	ANCOMBC2	34	353	66	0.087855297	0.34	0.13963039	0.912144703	387
11	MaAsLin3	26	6	74	0.8125	0.26	0.393939394	0.1875	32
11	Union	79	734	21	0.097170972	0.79	0.17305586	0.902829028	813
11	Vote_2of7	73	239	27	0.233974359	0.73	0.354368932	0.766025641	312
11	Vote_3of7	72	59	28	0.549618321	0.72	0.623376623	0.450381679	131
11	Vote_4of7	62	8	38	0.885714286	0.62	0.729411765	0.114285714	70
11	Vote_5of7	55	2	45	0.964912281	0.55	0.700636943	0.035087719	57
11	Vote_6of7	37	0	63	1	0.37	0.540145985	0	37
11	Intersect	23	0	77	1	0.23	0.37398374	0	23
11	Fisher	78	469	22	0.142595978	0.78	0.241112828	0.857404022	547
11	Stouffer	76	326	24	0.189054726	0.76	0.302788845	0.810945274	402
11	Cauchy	78	532	22	0.127868852	0.78	0.21971831	0.872131148	610
12	edgeR	75	726	25	0.093632959	0.75	0.166481687	0.906367041	801
12	DESeq2	62	120	38	0.340659341	0.62	0.439716312	0.659340659	182
12	ALDEx2	59	0	41	1	0.59	0.742138365	0	59
12	metaSeq	72	8	28	0.9	0.72	0.8	0.1	80
12	ADAPT	71	14	29	0.835294118	0.71	0.767567568	0.164705882	85
12	ANCOMBC2	40	304	60	0.11627907	0.4	0.18018018	0.88372093	344
12	MaAsLin3	36	5	64	0.87804878	0.36	0.510638298	0.12195122	41
12	Union	76	877	24	0.079748164	0.76	0.144349478	0.920251836	953
12	Vote_2of7	73	254	27	0.22324159	0.73	0.341920375	0.77675841	327
12	Vote_3of7	70	41	30	0.630630631	0.7	0.663507109	0.369369369	111
12	Vote_4of7	62	4	38	0.939393939	0.62	0.746987952	0.060606061	66
12	Vote_5of7	58	1	42	0.983050847	0.58	0.729559748	0.016949153	59
12	Vote_6of7	43	0	57	1	0.43	0.601398601	0	43
12	Intersect	33	0	67	1	0.33	0.496240602	0	33
12	Fisher	75	594	25	0.112107623	0.75	0.195058518	0.887892377	669
12	Stouffer	73	353	27	0.171361502	0.73	0.27756654	0.828638498	426
12	Cauchy	75	645	25	0.104166667	0.75	0.182926829	0.895833333	720
13	edgeR	80	652	20	0.109289617	0.8	0.192307692	0.890710383	732
13	DESeq2	66	100	34	0.397590361	0.66	0.496240602	0.602409639	166
13	ALDEx2	57	0	43	1	0.57	0.72611465	0	57
13	metaSeq	74	11	26	0.870588235	0.74	0.8	0.129411765	85
13	ADAPT	74	3	26	0.961038961	0.74	0.836158192	0.038961039	77
13	ANCOMBC2	35	334	65	0.094850949	0.35	0.149253731	0.905149051	369
13	MaAsLin3	29	5	71	0.852941176	0.29	0.432835821	0.147058824	34
13	Union	81	794	19	0.092571429	0.81	0.166153846	0.907428571	875
13	Vote_2of7	75	251	25	0.23006135	0.75	0.352112676	0.76993865	326
13	Vote_3of7	73	49	27	0.598360656	0.73	0.657657658	0.401639344	122
13	Vote_4of7	66	8	34	0.891891892	0.66	0.75862069	0.108108108	74
13	Vote_5of7	56	3	44	0.949152542	0.56	0.704402516	0.050847458	59
13	Vote_6of7	36	0	64	1	0.36	0.529411765	0	36
13	Intersect	28	0	72	1	0.28	0.4375	0	28
13	Fisher	80	505	20	0.136752137	0.8	0.233576642	0.863247863	585
13	Stouffer	76	334	24	0.185365854	0.76	0.298039216	0.814634146	410
13	Cauchy	80	558	20	0.12539185	0.8	0.216802168	0.87460815	638
14	edgeR	77	777	23	0.090163934	0.77	0.161425577	0.909836066	854
14	DESeq2	63	170	37	0.270386266	0.63	0.378378378	0.729613734	233
14	ALDEx2	50	4	50	0.925925926	0.5	0.649350649	0.074074074	54
14	metaSeq	71	18	29	0.797752809	0.71	0.751322751	0.202247191	89
14	ADAPT	72	4	28	0.947368421	0.72	0.818181818	0.052631579	76
14	MaAsLin3	26	10	74	0.722222222	0.26	0.382352941	0.277777778	36
14	Union	78	790	22	0.089861751	0.78	0.161157025	0.910138249	868
14	Vote_2of6	72	166	28	0.302521008	0.72	0.426035503	0.697478992	238
14	Vote_3of6	71	22	29	0.76344086	0.71	0.735751295	0.23655914	93
14	Vote_4of6	63	5	37	0.926470588	0.63	0.75	0.073529412	68
14	Vote_5of6	49	0	51	1	0.49	0.657718121	0	49
14	Intersect	26	0	74	1	0.26	0.412698413	0	26
14	Fisher	76	507	24	0.130360206	0.76	0.222547584	0.869639794	583
14	Stouffer	75	362	25	0.171624714	0.75	0.279329609	0.828375286	437
14	Cauchy	76	591	24	0.113943028	0.76	0.198174707	0.886056972	667
15	edgeR	78	950	22	0.075875486	0.78	0.138297872	0.924124514	1028
15	DESeq2	60	228	40	0.208333333	0.6	0.309278351	0.791666667	288
15	ALDEx2	54	23	46	0.701298701	0.54	0.610169492	0.298701299	77
15	metaSeq	64	33	36	0.659793814	0.64	0.649746193	0.340206186	97
15	ADAPT	72	10	28	0.87804878	0.72	0.791208791	0.12195122	82
15	ANCOMBC2	42	387	58	0.097902098	0.42	0.15879017	0.902097902	429
15	MaAsLin3	42	34	58	0.552631579	0.42	0.477272727	0.447368421	76
15	Union	78	1034	22	0.070143885	0.78	0.128712871	0.929856115	1112
15	Vote_2of7	73	418	27	0.148676171	0.73	0.247038917	0.851323829	491
15	Vote_3of7	64	148	36	0.301886792	0.64	0.41025641	0.698113208	212
15	Vote_4of7	59	40	41	0.595959596	0.59	0.592964824	0.404040404	99
15	Vote_5of7	54	18	46	0.75	0.54	0.627906977	0.25	72
15	Vote_6of7	42	7	58	0.857142857	0.42	0.563758389	0.142857143	49
15	Intersect	42	0	58	1	0.42	0.591549296	0	42
15	Fisher	79	770	21	0.093050648	0.79	0.166491043	0.906949352	849
15	Stouffer	77	532	23	0.126436782	0.77	0.217207334	0.873563218	609
15	Cauchy	78	837	22	0.085245902	0.78	0.153694581	0.914754098	915
16	edgeR	78	872	22	0.082105263	0.78	0.148571429	0.917894737	950
16	DESeq2	59	208	41	0.220973783	0.59	0.321525886	0.779026217	267
16	ALDEx2	55	11	45	0.833333333	0.55	0.662650602	0.166666667	66
16	metaSeq	61	19	39	0.7625	0.61	0.677777778	0.2375	80
16	ADAPT	67	3	33	0.957142857	0.67	0.788235294	0.042857143	70
16	ANCOMBC2	39	311	61	0.111428571	0.39	0.173333333	0.888571429	350
16	MaAsLin3	40	21	60	0.655737705	0.4	0.49689441	0.344262295	61
16	Union	79	970	21	0.075309819	0.79	0.137510879	0.924690181	1049
16	Vote_2of7	67	359	33	0.157276995	0.67	0.254752852	0.842723005	426
16	Vote_3of7	62	81	38	0.433566434	0.62	0.510288066	0.566433566	143
16	Vote_4of7	58	16	42	0.783783784	0.58	0.666666667	0.216216216	74
16	Vote_5of7	54	13	46	0.805970149	0.54	0.646706587	0.194029851	67
16	Vote_6of7	42	6	58	0.875	0.42	0.567567568	0.125	48
16	Intersect	37	0	63	1	0.37	0.540145985	0	37
16	Fisher	77	697	23	0.099483204	0.77	0.176201373	0.900516796	774
16	Stouffer	71	460	29	0.133709981	0.71	0.22503962	0.866290019	531
16	Cauchy	77	768	23	0.09112426	0.77	0.162962963	0.90887574	845
17	edgeR	76	851	24	0.081984898	0.76	0.148003895	0.918015102	927
17	DESeq2	62	153	38	0.288372093	0.62	0.393650794	0.711627907	215
17	ALDEx2	52	3	48	0.945454545	0.52	0.670967742	0.054545455	55
17	metaSeq	68	7	32	0.906666667	0.68	0.777142857	0.093333333	75
17	ADAPT	70	5	30	0.933333333	0.7	0.8	0.066666667	75
17	ANCOMBC2	32	285	68	0.100946372	0.32	0.153477218	0.899053628	317
17	MaAsLin3	32	7	68	0.820512821	0.32	0.460431655	0.179487179	39
17	Union	78	955	22	0.075508228	0.78	0.137687555	0.924491772	1033
17	Vote_2of7	70	305	30	0.186666667	0.7	0.294736842	0.813333333	375
17	Vote_3of7	68	43	32	0.612612613	0.68	0.644549763	0.387387387	111
17	Vote_4of7	62	5	38	0.925373134	0.62	0.74251497	0.074626866	67
17	Vote_5of7	51	3	49	0.944444444	0.51	0.662337662	0.055555556	54
17	Vote_6of7	35	0	65	1	0.35	0.518518519	0	35
17	Intersect	28	0	72	1	0.28	0.4375	0	28
17	Fisher	77	621	23	0.110315186	0.77	0.192982456	0.889684814	698
17	Stouffer	74	426	26	0.148	0.74	0.246666667	0.852	500
17	Cauchy	78	733	22	0.096177559	0.78	0.171240395	0.903822441	811
18	edgeR	68	651	32	0.0945758	0.68	0.166056166	0.9054242	719
18	DESeq2	56	77	44	0.421052632	0.56	0.480686695	0.578947368	133
18	ALDEx2	45	0	55	1	0.45	0.620689655	0	45
18	metaSeq	66	7	34	0.904109589	0.66	0.76300578	0.095890411	73
18	ADAPT	66	5	34	0.929577465	0.66	0.771929825	0.070422535	71
18	ANCOMBC2	26	355	74	0.06824147	0.26	0.108108108	0.93175853	381
18	MaAsLin3	25	7	75	0.78125	0.25	0.378787879	0.21875	32
18	Union	73	792	27	0.084393064	0.73	0.151295337	0.915606936	865
18	Vote_2of7	66	263	34	0.200607903	0.66	0.307692308	0.799392097	329
18	Vote_3of7	61	40	39	0.603960396	0.61	0.606965174	0.396039604	101
18	Vote_4of7	56	5	44	0.918032787	0.56	0.695652174	0.081967213	61
18	Vote_5of7	46	2	54	0.958333333	0.46	0.621621622	0.041666667	48
18	Vote_6of7	27	0	73	1	0.27	0.42519685	0	27
18	Intersect	23	0	77	1	0.23	0.37398374	0	23
18	Fisher	71	489	29	0.126785714	0.71	0.215151515	0.873214286	560
18	Stouffer	71	332	29	0.17617866	0.71	0.282306163	0.82382134	403
18	Cauchy	72	545	28	0.116693679	0.72	0.20083682	0.883306321	617
19	edgeR	80	759	20	0.095351609	0.8	0.170394036	0.904648391	839
19	DESeq2	55	142	45	0.279187817	0.55	0.37037037	0.720812183	197
19	ALDEx2	49	7	51	0.875	0.49	0.628205128	0.125	56
19	metaSeq	68	25	32	0.731182796	0.68	0.704663212	0.268817204	93
19	ADAPT	68	14	32	0.829268293	0.68	0.747252747	0.170731707	82
19	ANCOMBC2	31	412	69	0.069977427	0.31	0.114180479	0.930022573	443
19	MaAsLin3	28	24	72	0.538461538	0.28	0.368421053	0.461538462	52
19	Union	82	902	18	0.083333333	0.82	0.151291513	0.916666667	984
19	Vote_2of7	69	336	31	0.17037037	0.69	0.273267327	0.82962963	405
19	Vote_3of7	65	106	35	0.380116959	0.65	0.479704797	0.619883041	171
19	Vote_4of7	55	27	45	0.670731707	0.55	0.604395604	0.329268293	82
19	Vote_5of7	49	10	51	0.830508475	0.49	0.616352201	0.169491525	59
19	Vote_6of7	34	2	66	0.944444444	0.34	0.5	0.055555556	36
19	Intersect	25	0	75	1	0.25	0.4	0	25
19	Fisher	77	627	23	0.109375	0.77	0.191542289	0.890625	704
19	Stouffer	71	435	29	0.140316206	0.71	0.234323432	0.859683794	506
19	Cauchy	78	690	22	0.1015625	0.78	0.179723502	0.8984375	768
20	edgeR	80	777	20	0.093348891	0.8	0.167189133	0.906651109	857
20	DESeq2	60	149	40	0.28708134	0.6	0.388349515	0.71291866	209
20	ALDEx2	45	10	55	0.818181818	0.45	0.580645161	0.181818182	55
20	metaSeq	70	13	30	0.843373494	0.7	0.765027322	0.156626506	83
20	ADAPT	71	9	29	0.8875	0.71	0.788888889	0.1125	80
20	ANCOMBC2	32	296	68	0.097560976	0.32	0.14953271	0.902439024	328
20	MaAsLin3	31	17	69	0.645833333	0.31	0.418918919	0.354166667	48
20	Union	83	910	17	0.083585096	0.83	0.151875572	0.916414904	993
20	Vote_2of7	71	280	29	0.202279202	0.71	0.314855876	0.797720798	351
20	Vote_3of7	67	58	33	0.536	0.67	0.595555556	0.464	125
20	Vote_4of7	60	12	40	0.833333333	0.6	0.697674419	0.166666667	72
20	Vote_5of7	45	8	55	0.849056604	0.45	0.588235294	0.150943396	53
20	Vote_6of7	34	3	66	0.918918919	0.34	0.496350365	0.081081081	37
20	Intersect	29	0	71	1	0.29	0.449612403	0	29
20	Fisher	79	620	21	0.113018598	0.79	0.197747184	0.886981402	699
20	Stouffer	76	418	24	0.153846154	0.76	0.255892256	0.846153846	494
20	Cauchy	80	691	20	0.103761349	0.8	0.1836969	0.896238651	771
21	edgeR	79	615	21	0.113832853	0.79	0.198992443	0.886167147	694
21	DESeq2	62	110	38	0.360465116	0.62	0.455882353	0.639534884	172
21	ALDEx2	55	0	45	1	0.55	0.709677419	0	55
21	metaSeq	69	12	31	0.851851852	0.69	0.762430939	0.148148148	81
21	ADAPT	72	19	28	0.791208791	0.72	0.753926702	0.208791209	91
21	ANCOMBC2	35	294	65	0.106382979	0.35	0.163170163	0.893617021	329
21	MaAsLin3	30	5	70	0.857142857	0.3	0.444444444	0.142857143	35
21	Union	79	776	21	0.092397661	0.79	0.165445026	0.907602339	855
21	Vote_2of7	72	234	28	0.235294118	0.72	0.354679803	0.764705882	306
21	Vote_3of7	70	38	30	0.648148148	0.7	0.673076923	0.351851852	108
21	Vote_4of7	62	6	38	0.911764706	0.62	0.738095238	0.088235294	68
21	Vote_5of7	54	1	46	0.981818182	0.54	0.696774194	0.018181818	55
21	Vote_6of7	38	0	62	1	0.38	0.550724638	0	38
21	Intersect	27	0	73	1	0.27	0.42519685	0	27
21	Fisher	77	485	23	0.137010676	0.77	0.232628399	0.862989324	562
21	Stouffer	77	325	23	0.191542289	0.77	0.306772908	0.808457711	402
21	Cauchy	77	553	23	0.122222222	0.77	0.210958904	0.877777778	630
22	edgeR	73	568	27	0.113884555	0.73	0.197031039	0.886115445	641
22	DESeq2	61	68	39	0.472868217	0.61	0.532751092	0.527131783	129
22	ALDEx2	57	0	43	1	0.57	0.72611465	0	57
22	metaSeq	71	10	29	0.87654321	0.71	0.784530387	0.12345679	81
22	ADAPT	71	3	29	0.959459459	0.71	0.816091954	0.040540541	74
22	ANCOMBC2	38	361	62	0.095238095	0.38	0.152304609	0.904761905	399
22	MaAsLin3	36	2	64	0.947368421	0.36	0.52173913	0.052631579	38
22	Union	76	759	24	0.091017964	0.76	0.162566845	0.908982036	835
22	Vote_2of7	71	214	29	0.249122807	0.71	0.368831169	0.750877193	285
22	Vote_3of7	69	34	31	0.669902913	0.69	0.679802956	0.330097087	103
22	Vote_4of7	61	5	39	0.924242424	0.61	0.734939759	0.075757576	66
22	Vote_5of7	56	0	44	1	0.56	0.717948718	0	56
22	Vote_6of7	41	0	59	1	0.41	0.581560284	0	41
22	Intersect	33	0	67	1	0.33	0.496240602	0	33
22	Fisher	75	489	25	0.132978723	0.75	0.225903614	0.867021277	564
22	Stouffer	74	311	26	0.192207792	0.74	0.305154639	0.807792208	385
22	Cauchy	75	557	25	0.118670886	0.75	0.204918033	0.881329114	632
23	edgeR	81	765	19	0.095744681	0.81	0.171247357	0.904255319	846
23	DESeq2	69	195	31	0.261363636	0.69	0.379120879	0.738636364	264
23	ALDEx2	60	13	40	0.821917808	0.6	0.693641618	0.178082192	73
23	metaSeq	73	19	27	0.793478261	0.73	0.760416667	0.206521739	92
23	ADAPT	76	9	24	0.894117647	0.76	0.821621622	0.105882353	85
23	ANCOMBC2	41	356	59	0.103274559	0.41	0.16498994	0.896725441	397
23	MaAsLin3	39	12	61	0.764705882	0.39	0.516556291	0.235294118	51
23	Union	82	893	18	0.084102564	0.82	0.15255814	0.915897436	975
23	Vote_2of7	78	338	22	0.1875	0.78	0.302325581	0.8125	416
23	Vote_3of7	73	109	27	0.401098901	0.73	0.517730496	0.598901099	182
23	Vote_4of7	69	19	31	0.784090909	0.69	0.734042553	0.215909091	88
23	Vote_5of7	59	8	41	0.880597015	0.59	0.706586826	0.119402985	67
23	Vote_6of7	42	2	58	0.954545455	0.42	0.583333333	0.045454545	44
23	Intersect	36	0	64	1	0.36	0.529411765	0	36
23	Fisher	82	620	18	0.116809117	0.82	0.204488778	0.883190883	702
23	Stouffer	79	431	21	0.154901961	0.79	0.259016393	0.845098039	510
23	Cauchy	81	685	19	0.105744125	0.81	0.187066975	0.894255875	766
24	edgeR	77	762	23	0.091775924	0.77	0.16400426	0.908224076	839
24	DESeq2	64	137	36	0.31840796	0.64	0.425249169	0.68159204	201
24	ALDEx2	52	1	48	0.981132075	0.52	0.679738562	0.018867925	53
24	metaSeq	72	5	28	0.935064935	0.72	0.813559322	0.064935065	77
24	ADAPT	72	14	28	0.837209302	0.72	0.774193548	0.162790698	86
24	ANCOMBC2	37	294	63	0.111782477	0.37	0.171693735	0.888217523	331
24	MaAsLin3	36	7	64	0.837209302	0.36	0.503496503	0.162790698	43
24	Union	78	881	22	0.081334724	0.78	0.147308782	0.918665276	959
24	Vote_2of7	72	277	28	0.206303725	0.72	0.320712695	0.793696275	349
24	Vote_3of7	72	55	28	0.566929134	0.72	0.634361233	0.433070866	127
24	Vote_4of7	64	5	36	0.927536232	0.64	0.75739645	0.072463768	69
24	Vote_5of7	51	2	49	0.962264151	0.51	0.666666667	0.037735849	53
24	Vote_6of7	38	0	62	1	0.38	0.550724638	0	38
24	Intersect	35	0	65	1	0.35	0.518518519	0	35
24	Fisher	77	593	23	0.114925373	0.77	0.2	0.885074627	670
24	Stouffer	76	378	24	0.167400881	0.76	0.274368231	0.832599119	454
24	Cauchy	78	666	22	0.10483871	0.78	0.184834123	0.89516129	744
25	edgeR	72	763	28	0.086227545	0.72	0.154010695	0.913772455	835
25	DESeq2	63	138	37	0.313432836	0.63	0.418604651	0.686567164	201
25	ALDEx2	54	5	46	0.915254237	0.54	0.679245283	0.084745763	59
25	metaSeq	66	9	34	0.88	0.66	0.754285714	0.12	75
25	ADAPT	66	9	34	0.88	0.66	0.754285714	0.12	75
25	ANCOMBC2	32	277	68	0.103559871	0.32	0.156479218	0.896440129	309
25	MaAsLin3	34	1	66	0.971428571	0.34	0.503703704	0.028571429	35
25	Union	73	899	27	0.075102881	0.73	0.13619403	0.924897119	972
25	Vote_2of7	66	252	34	0.20754717	0.66	0.315789474	0.79245283	318
25	Vote_3of7	66	44	34	0.6	0.66	0.628571429	0.4	110
25	Vote_4of7	62	6	38	0.911764706	0.62	0.738095238	0.088235294	68
25	Vote_5of7	54	1	46	0.981818182	0.54	0.696774194	0.018181818	55
25	Vote_6of7	37	0	63	1	0.37	0.540145985	0	37
25	Intersect	29	0	71	1	0.29	0.449612403	0	29
25	Fisher	73	600	27	0.108469539	0.73	0.188874515	0.891530461	673
25	Stouffer	69	370	31	0.157175399	0.69	0.256029685	0.842824601	439
25	Cauchy	72	690	28	0.094488189	0.72	0.167053364	0.905511811	762
26	edgeR	75	700	25	0.096774194	0.75	0.171428571	0.903225806	775
26	DESeq2	59	124	41	0.322404372	0.59	0.416961131	0.677595628	183
26	ALDEx2	51	0	49	1	0.51	0.675496689	0	51
26	metaSeq	62	9	38	0.873239437	0.62	0.725146199	0.126760563	71
26	ADAPT	67	9	33	0.881578947	0.67	0.761363636	0.118421053	76
26	ANCOMBC2	35	313	65	0.100574713	0.35	0.15625	0.899425287	348
26	MaAsLin3	35	8	65	0.813953488	0.35	0.48951049	0.186046512	43
26	Union	75	838	25	0.082146769	0.75	0.148075025	0.917853231	913
26	Vote_2of7	67	262	33	0.203647416	0.67	0.312354312	0.796352584	329
26	Vote_3of7	65	53	35	0.550847458	0.65	0.596330275	0.449152542	118
26	Vote_4of7	59	7	41	0.893939394	0.59	0.710843373	0.106060606	66
26	Vote_5of7	50	3	50	0.943396226	0.5	0.653594771	0.056603774	53
26	Vote_6of7	37	0	63	1	0.37	0.540145985	0	37
26	Intersect	31	0	69	1	0.31	0.473282443	0	31
26	Fisher	71	548	29	0.114701131	0.71	0.197496523	0.885298869	619
26	Stouffer	70	351	30	0.166270784	0.7	0.268714012	0.833729216	421
26	Cauchy	71	622	29	0.102453102	0.71	0.179066835	0.897546898	693
27	edgeR	77	639	23	0.107541899	0.77	0.18872549	0.892458101	716
27	DESeq2	59	92	41	0.390728477	0.59	0.470119522	0.609271523	151
27	ALDEx2	48	0	52	1	0.48	0.648648649	0	48
27	metaSeq	67	7	33	0.905405405	0.67	0.770114943	0.094594595	74
27	ADAPT	67	4	33	0.943661972	0.67	0.783625731	0.056338028	71
27	ANCOMBC2	31	328	69	0.086350975	0.31	0.135076253	0.913649025	359
27	MaAsLin3	29	6	71	0.828571429	0.29	0.42962963	0.171428571	35
27	Union	79	813	21	0.088565022	0.79	0.159274194	0.911434978	892
27	Vote_2of7	69	214	31	0.243816254	0.69	0.360313316	0.756183746	283
27	Vote_3of7	65	41	35	0.613207547	0.65	0.631067961	0.386792453	106
27	Vote_4of7	58	6	42	0.90625	0.58	0.707317073	0.09375	64
27	Vote_5of7	48	2	52	0.96	0.48	0.64	0.04	50
27	Vote_6of7	34	0	66	1	0.34	0.507462687	0	34
27	Intersect	25	0	75	1	0.25	0.4	0	25
27	Fisher	77	506	23	0.132075472	0.77	0.225475842	0.867924528	583
27	Stouffer	73	322	27	0.184810127	0.73	0.294949495	0.815189873	395
27	Cauchy	76	580	24	0.115853659	0.76	0.201058201	0.884146341	656
28	edgeR	75	805	25	0.085227273	0.75	0.153061224	0.914772727	880
28	DESeq2	63	203	37	0.236842105	0.63	0.344262295	0.763157895	266
28	ALDEx2	54	12	46	0.818181818	0.54	0.65060241	0.181818182	66
28	metaSeq	70	19	30	0.786516854	0.7	0.740740741	0.213483146	89
28	ADAPT	74	4	26	0.948717949	0.74	0.831460674	0.051282051	78
28	ANCOMBC2	35	437	65	0.074152542	0.35	0.122377622	0.925847458	472
28	MaAsLin3	34	22	66	0.607142857	0.34	0.435897436	0.392857143	56
28	Union	77	934	23	0.076162216	0.77	0.138613861	0.923837784	1011
28	Vote_2of7	74	391	26	0.159139785	0.74	0.261946903	0.840860215	465
28	Vote_3of7	71	136	29	0.342995169	0.71	0.462540717	0.657004831	207
28	Vote_4of7	63	25	37	0.715909091	0.63	0.670212766	0.284090909	88
28	Vote_5of7	53	11	47	0.828125	0.53	0.646341463	0.171875	64
28	Vote_6of7	39	4	61	0.906976744	0.39	0.545454545	0.093023256	43
28	Intersect	28	1	72	0.965517241	0.28	0.434108527	0.034482759	29
28	Fisher	76	657	24	0.103683492	0.76	0.182472989	0.896316508	733
28	Stouffer	76	463	24	0.141001855	0.76	0.237871674	0.858998145	539
28	Cauchy	76	729	24	0.094409938	0.76	0.167955801	0.905590062	805
29	edgeR	82	774	18	0.095794393	0.82	0.171548117	0.904205607	856
29	DESeq2	61	167	39	0.26754386	0.61	0.37195122	0.73245614	228
29	ALDEx2	54	9	46	0.857142857	0.54	0.662576687	0.142857143	63
29	metaSeq	67	25	33	0.72826087	0.67	0.697916667	0.27173913	92
29	ADAPT	70	4	30	0.945945946	0.7	0.804597701	0.054054054	74
29	ANCOMBC2	37	326	63	0.101928375	0.37	0.159827214	0.898071625	363
29	MaAsLin3	37	12	63	0.755102041	0.37	0.496644295	0.244897959	49
29	Union	83	885	17	0.085743802	0.83	0.155430712	0.914256198	968
29	Vote_2of7	70	313	30	0.182767624	0.7	0.289855072	0.817232376	383
29	Vote_3of7	66	84	34	0.44	0.66	0.528	0.56	150
29	Vote_4of7	61	24	39	0.717647059	0.61	0.659459459	0.282352941	85
29	Vote_5of7	54	8	46	0.870967742	0.54	0.666666667	0.129032258	62
29	Vote_6of7	42	2	58	0.954545455	0.42	0.583333333	0.045454545	44
29	Intersect	32	1	68	0.96969697	0.32	0.481203008	0.03030303	33
29	Fisher	80	616	20	0.114942529	0.8	0.201005025	0.885057471	696
29	Stouffer	75	433	25	0.147637795	0.75	0.246710526	0.852362205	508
29	Cauchy	81	686	19	0.105606258	0.81	0.186851211	0.894393742	767
30	edgeR	79	772	21	0.092831962	0.79	0.166140904	0.907168038	851
30	DESeq2	66	129	34	0.338461538	0.66	0.447457627	0.661538462	195
30	ALDEx2	57	4	43	0.93442623	0.57	0.708074534	0.06557377	61
30	metaSeq	69	13	31	0.841463415	0.69	0.758241758	0.158536585	82
30	ADAPT	72	8	28	0.9	0.72	0.8	0.1	80
30	ANCOMBC2	37	323	63	0.102777778	0.37	0.160869565	0.897222222	360
30	MaAsLin3	35	13	65	0.729166667	0.35	0.472972973	0.270833333	48
30	Union	80	872	20	0.084033613	0.8	0.152091255	0.915966387	952
30	Vote_2of7	72	303	28	0.192	0.72	0.303157895	0.808	375
30	Vote_3of7	69	70	31	0.496402878	0.69	0.577405858	0.503597122	139
30	Vote_4of7	66	13	34	0.835443038	0.66	0.737430168	0.164556962	79
30	Vote_5of7	57	4	43	0.93442623	0.57	0.708074534	0.06557377	61
30	Vote_6of7	39	0	61	1	0.39	0.561151079	0	39
30	Intersect	32	0	68	1	0.32	0.484848485	0	32
30	Fisher	78	612	22	0.113043478	0.78	0.197468354	0.886956522	690
30	Stouffer	74	416	26	0.151020408	0.74	0.250847458	0.848979592	490
30	Cauchy	79	685	21	0.103403141	0.79	0.18287037	0.896596859	764
31	edgeR	72	784	28	0.08411215	0.72	0.150627615	0.91588785	856
31	DESeq2	55	97	45	0.361842105	0.55	0.436507937	0.638157895	152
31	ALDEx2	50	0	50	1	0.5	0.666666667	0	50
31	metaSeq	63	10	37	0.863013699	0.63	0.728323699	0.136986301	73
31	ADAPT	64	8	36	0.888888889	0.64	0.744186047	0.111111111	72
31	ANCOMBC2	34	406	66	0.077272727	0.34	0.125925926	0.922727273	440
31	MaAsLin3	29	3	71	0.90625	0.29	0.439393939	0.09375	32
31	Union	73	909	27	0.074338086	0.73	0.134935305	0.925661914	982
31	Vote_2of7	65	320	35	0.168831169	0.65	0.268041237	0.831168831	385
31	Vote_3of7	63	69	37	0.477272727	0.63	0.543103448	0.522727273	132
31	Vote_4of7	54	9	46	0.857142857	0.54	0.662576687	0.142857143	63
31	Vote_5of7	49	1	51	0.98	0.49	0.653333333	0.02	50
31	Vote_6of7	34	0	66	1	0.34	0.507462687	0	34
31	Intersect	29	0	71	1	0.29	0.449612403	0	29
31	Fisher	73	592	27	0.109774436	0.73	0.190849673	0.890225564	665
31	Stouffer	73	423	27	0.147177419	0.73	0.244966443	0.852822581	496
31	Cauchy	74	671	26	0.099328859	0.74	0.175147929	0.900671141	745
32	edgeR	78	724	22	0.097256858	0.78	0.172949002	0.902743142	802
32	DESeq2	64	110	36	0.367816092	0.64	0.467153285	0.632183908	174
32	ALDEx2	53	1	47	0.981481481	0.53	0.688311688	0.018518519	54
32	metaSeq	70	17	30	0.804597701	0.7	0.748663102	0.195402299	87
32	ADAPT	73	12	27	0.858823529	0.73	0.789189189	0.141176471	85
32	ANCOMBC2	31	409	69	0.070454545	0.31	0.114814815	0.929545455	440
32	MaAsLin3	30	5	70	0.857142857	0.3	0.444444444	0.142857143	35
32	Union	78	859	22	0.083244397	0.78	0.150433944	0.916755603	937
32	Vote_2of7	73	319	27	0.18622449	0.73	0.296747967	0.81377551	392
32	Vote_3of7	71	84	29	0.458064516	0.71	0.556862745	0.541935484	155
32	Vote_4of7	63	14	37	0.818181818	0.63	0.711864407	0.181818182	77
32	Vote_5of7	53	2	47	0.963636364	0.53	0.683870968	0.036363636	55
32	Vote_6of7	34	0	66	1	0.34	0.507462687	0	34
32	Intersect	27	0	73	1	0.27	0.42519685	0	27
32	Fisher	77	572	23	0.118644068	0.77	0.205607477	0.881355932	649
32	Stouffer	77	394	23	0.163481953	0.77	0.269702277	0.836518047	471
32	Cauchy	77	633	23	0.108450704	0.77	0.190123457	0.891549296	710
33	edgeR	74	860	26	0.079229122	0.74	0.143133462	0.920770878	934
33	DESeq2	55	174	45	0.240174672	0.55	0.334346505	0.759825328	229
33	ALDEx2	47	19	53	0.712121212	0.47	0.56626506	0.287878788	66
33	metaSeq	56	19	44	0.746666667	0.56	0.64	0.253333333	75
33	ADAPT	64	6	36	0.914285714	0.64	0.752941176	0.085714286	70
33	ANCOMBC2	30	376	70	0.073891626	0.3	0.118577075	0.926108374	406
33	MaAsLin3	29	35	71	0.453125	0.29	0.353658537	0.546875	64
33	Union	74	961	26	0.071497585	0.74	0.130396476	0.928502415	1035
33	Vote_2of7	64	380	36	0.144144144	0.64	0.235294118	0.855855856	444
33	Vote_3of7	60	96	40	0.384615385	0.6	0.46875	0.615384615	156
33	Vote_4of7	55	33	45	0.625	0.55	0.585106383	0.375	88
33	Vote_5of7	44	13	56	0.771929825	0.44	0.560509554	0.228070175	57
33	Vote_6of7	31	6	69	0.837837838	0.31	0.452554745	0.162162162	37
33	Intersect	27	0	73	1	0.27	0.42519685	0	27
33	Fisher	72	689	28	0.094612352	0.72	0.167247387	0.905387648	761
33	Stouffer	70	477	30	0.12797075	0.7	0.216383308	0.87202925	547
33	Cauchy	72	783	28	0.084210526	0.72	0.15078534	0.915789474	855
34	edgeR	88	740	12	0.106280193	0.88	0.189655172	0.893719807	828
34	DESeq2	71	142	29	0.333333333	0.71	0.453674121	0.666666667	213
34	ALDEx2	64	1	36	0.984615385	0.64	0.775757576	0.015384615	65
34	metaSeq	80	17	20	0.824742268	0.8	0.812182741	0.175257732	97
34	ADAPT	81	9	19	0.9	0.81	0.852631579	0.1	90
34	ANCOMBC2	40	285	60	0.123076923	0.4	0.188235294	0.876923077	325
34	MaAsLin3	41	11	59	0.788461538	0.41	0.539473684	0.211538462	52
34	Union	88	858	12	0.093023256	0.88	0.168260038	0.906976744	946
34	Vote_2of7	81	273	19	0.228813559	0.81	0.356828194	0.771186441	354
34	Vote_3of7	80	58	20	0.579710145	0.8	0.672268908	0.420289855	138
34	Vote_4of7	71	14	29	0.835294118	0.71	0.767567568	0.164705882	85
34	Vote_5of7	64	2	36	0.96969697	0.64	0.771084337	0.03030303	66
34	Vote_6of7	45	0	55	1	0.45	0.620689655	0	45
34	Intersect	36	0	64	1	0.36	0.529411765	0	36
34	Fisher	87	549	13	0.136792453	0.87	0.236413043	0.863207547	636
34	Stouffer	84	355	16	0.191343964	0.84	0.311688312	0.808656036	439
34	Cauchy	88	620	12	0.124293785	0.88	0.217821782	0.875706215	708
35	edgeR	78	784	22	0.090487239	0.78	0.162162162	0.909512761	862
35	DESeq2	59	131	41	0.310526316	0.59	0.406896552	0.689473684	190
35	ALDEx2	54	4	46	0.931034483	0.54	0.683544304	0.068965517	58
35	metaSeq	65	12	35	0.844155844	0.65	0.734463277	0.155844156	77
35	ADAPT	68	5	32	0.931506849	0.68	0.786127168	0.068493151	73
35	ANCOMBC2	34	336	66	0.091891892	0.34	0.144680851	0.908108108	370
35	MaAsLin3	35	14	65	0.714285714	0.35	0.469798658	0.285714286	49
35	Union	78	890	22	0.080578512	0.78	0.146067416	0.919421488	968
35	Vote_2of7	68	307	32	0.181333333	0.68	0.286315789	0.818666667	375
35	Vote_3of7	67	66	33	0.503759398	0.67	0.575107296	0.496240602	133
35	Vote_4of7	58	12	42	0.828571429	0.58	0.682352941	0.171428571	70
35	Vote_5of7	53	6	47	0.898305085	0.53	0.666666667	0.101694915	59
35	Vote_6of7	38	3	62	0.926829268	0.38	0.539007092	0.073170732	41
35	Intersect	31	2	69	0.939393939	0.31	0.466165414	0.060606061	33
35	Fisher	75	602	25	0.110782866	0.75	0.193050193	0.889217134	677
35	Stouffer	74	433	26	0.145956607	0.74	0.243822076	0.854043393	507
35	Cauchy	76	672	24	0.101604278	0.76	0.179245283	0.898395722	748
36	edgeR	82	740	18	0.099756691	0.82	0.177874187	0.900243309	822
36	DESeq2	63	104	37	0.377245509	0.63	0.471910112	0.622754491	167
36	ALDEx2	52	0	48	1	0.52	0.684210526	0	52
36	metaSeq	72	12	28	0.857142857	0.72	0.782608696	0.142857143	84
36	ADAPT	74	3	26	0.961038961	0.74	0.836158192	0.038961039	77
36	ANCOMBC2	29	295	71	0.089506173	0.29	0.136792453	0.910493827	324
36	MaAsLin3	24	7	76	0.774193548	0.24	0.366412214	0.225806452	31
36	Union	84	861	16	0.088888889	0.84	0.16076555	0.911111111	945
36	Vote_2of7	74	253	26	0.226299694	0.74	0.346604215	0.773700306	327
36	Vote_3of7	72	39	28	0.648648649	0.72	0.682464455	0.351351351	111
36	Vote_4of7	62	7	38	0.898550725	0.62	0.733727811	0.101449275	69
36	Vote_5of7	52	1	48	0.981132075	0.52	0.679738562	0.018867925	53
36	Vote_6of7	31	0	69	1	0.31	0.473282443	0	31
36	Intersect	21	0	79	1	0.21	0.347107438	0	21
36	Fisher	82	544	18	0.130990415	0.82	0.225895317	0.869009585	626
36	Stouffer	81	336	19	0.194244604	0.81	0.313346228	0.805755396	417
36	Cauchy	82	651	18	0.111869031	0.82	0.196878752	0.888130969	733
37	edgeR	70	740	30	0.086419753	0.7	0.153846154	0.913580247	810
37	DESeq2	59	131	41	0.310526316	0.59	0.406896552	0.689473684	190
37	ALDEx2	49	0	51	1	0.49	0.657718121	0	49
37	metaSeq	65	9	35	0.878378378	0.65	0.747126437	0.121621622	74
37	ADAPT	65	13	35	0.833333333	0.65	0.730337079	0.166666667	78
37	ANCOMBC2	28	329	72	0.078431373	0.28	0.122538293	0.921568627	357
37	MaAsLin3	31	3	69	0.911764706	0.31	0.462686567	0.088235294	34
37	Union	72	878	28	0.075789474	0.72	0.137142857	0.924210526	950
37	Vote_2of7	65	275	35	0.191176471	0.65	0.295454545	0.808823529	340
37	Vote_3of7	64	64	36	0.5	0.64	0.561403509	0.5	128
37	Vote_4of7	58	6	42	0.90625	0.58	0.707317073	0.09375	64
37	Vote_5of7	49	2	51	0.960784314	0.49	0.649006623	0.039215686	51
37	Vote_6of7	34	0	66	1	0.34	0.507462687	0	34
37	Intersect	25	0	75	1	0.25	0.4	0	25
37	Fisher	69	570	31	0.107981221	0.69	0.186738836	0.892018779	639
37	Stouffer	66	379	34	0.148314607	0.66	0.242201835	0.851685393	445
37	Cauchy	70	659	30	0.096021948	0.7	0.168878166	0.903978052	729
38	edgeR	71	623	29	0.102305476	0.71	0.17884131	0.897694524	694
38	DESeq2	54	61	46	0.469565217	0.54	0.502325581	0.530434783	115
38	ALDEx2	47	0	53	1	0.47	0.639455782	0	47
38	metaSeq	67	8	33	0.893333333	0.67	0.765714286	0.106666667	75
38	ADAPT	63	9	37	0.875	0.63	0.73255814	0.125	72
38	ANCOMBC2	28	352	72	0.073684211	0.28	0.116666667	0.926315789	380
38	MaAsLin3	23	2	77	0.92	0.23	0.368	0.08	25
38	Union	75	794	25	0.086306099	0.75	0.154798762	0.913693901	869
38	Vote_2of7	65	217	35	0.230496454	0.65	0.340314136	0.769503546	282
38	Vote_3of7	61	34	39	0.642105263	0.61	0.625641026	0.357894737	95
38	Vote_4of7	54	9	46	0.857142857	0.54	0.662576687	0.142857143	63
38	Vote_5of7	47	1	53	0.979166667	0.47	0.635135135	0.020833333	48
38	Vote_6of7	29	0	71	1	0.29	0.449612403	0	29
38	Intersect	22	0	78	1	0.22	0.360655738	0	22
38	Fisher	72	485	28	0.129263914	0.72	0.219178082	0.870736086	557
38	Stouffer	70	307	30	0.185676393	0.7	0.293501048	0.814323607	377
38	Cauchy	74	534	26	0.121710526	0.74	0.209039548	0.878289474	608
39	edgeR	75	615	25	0.108695652	0.75	0.189873418	0.891304348	690
39	DESeq2	56	63	44	0.470588235	0.56	0.511415525	0.529411765	119
39	ALDEx2	51	0	49	1	0.51	0.675496689	0	51
39	metaSeq	69	4	31	0.945205479	0.69	0.797687861	0.054794521	73
39	ADAPT	67	4	33	0.943661972	0.67	0.783625731	0.056338028	71
39	ANCOMBC2	32	334	68	0.087431694	0.32	0.137339056	0.912568306	366
39	MaAsLin3	31	5	69	0.861111111	0.31	0.455882353	0.138888889	36
39	Union	77	773	23	0.090588235	0.77	0.162105263	0.909411765	850
39	Vote_2of7	69	220	31	0.238754325	0.69	0.354755784	0.761245675	289
39	Vote_3of7	66	30	34	0.6875	0.66	0.673469388	0.3125	96
39	Vote_4of7	56	2	44	0.965517241	0.56	0.708860759	0.034482759	58
39	Vote_5of7	51	0	49	1	0.51	0.675496689	0	51
39	Vote_6of7	35	0	65	1	0.35	0.518518519	0	35
39	Intersect	27	0	73	1	0.27	0.42519685	0	27
39	Fisher	75	466	25	0.138632163	0.75	0.23400936	0.861367837	541
39	Stouffer	74	347	26	0.175771971	0.74	0.284069098	0.824228029	421
39	Cauchy	76	529	24	0.125619835	0.76	0.215602837	0.874380165	605
40	edgeR	82	836	18	0.089324619	0.82	0.161100196	0.910675381	918
40	DESeq2	66	107	34	0.38150289	0.66	0.483516484	0.61849711	173
40	ALDEx2	54	6	46	0.9	0.54	0.675	0.1	60
40	metaSeq	74	11	26	0.870588235	0.74	0.8	0.129411765	85
40	ADAPT	76	7	24	0.915662651	0.76	0.830601093	0.084337349	83
40	ANCOMBC2	33	383	67	0.079326923	0.33	0.127906977	0.920673077	416
40	MaAsLin3	29	12	71	0.707317073	0.29	0.411347518	0.292682927	41
40	Union	83	944	17	0.080817916	0.83	0.1472937	0.919182084	1027
40	Vote_2of7	76	326	24	0.189054726	0.76	0.302788845	0.810945274	402
40	Vote_3of7	74	71	26	0.510344828	0.74	0.604081633	0.489655172	145
40	Vote_4of7	67	12	33	0.848101266	0.67	0.748603352	0.151898734	79
40	Vote_5of7	52	6	48	0.896551724	0.52	0.658227848	0.103448276	58
40	Vote_6of7	35	2	65	0.945945946	0.35	0.510948905	0.054054054	37
40	Intersect	27	1	73	0.964285714	0.27	0.421875	0.035714286	28
40	Fisher	82	644	18	0.112947658	0.82	0.198547215	0.887052342	726
40	Stouffer	80	427	20	0.157790927	0.8	0.263591433	0.842209073	507
40	Cauchy	82	721	18	0.102117061	0.82	0.181616833	0.897882939	803
41	edgeR	81	722	19	0.100871731	0.81	0.179401993	0.899128269	803
41	DESeq2	56	111	44	0.335329341	0.56	0.419475655	0.664670659	167
41	ALDEx2	47	1	53	0.979166667	0.47	0.635135135	0.020833333	48
41	metaSeq	70	22	30	0.760869565	0.7	0.729166667	0.239130435	92
41	ADAPT	74	10	26	0.880952381	0.74	0.804347826	0.119047619	84
41	ANCOMBC2	36	335	64	0.09703504	0.36	0.152866242	0.90296496	371
41	MaAsLin3	31	7	69	0.815789474	0.31	0.449275362	0.184210526	38
41	Union	85	848	15	0.091103966	0.85	0.164569216	0.908896034	933
41	Vote_2of7	74	269	26	0.21574344	0.74	0.334085779	0.78425656	343
41	Vote_3of7	67	67	33	0.5	0.67	0.572649573	0.5	134
41	Vote_4of7	55	18	45	0.753424658	0.55	0.63583815	0.246575342	73
41	Vote_5of7	47	4	53	0.921568627	0.47	0.622516556	0.078431373	51
41	Vote_6of7	37	2	63	0.948717949	0.37	0.532374101	0.051282051	39
41	Intersect	30	0	70	1	0.3	0.461538462	0	30
41	Fisher	82	546	18	0.130573248	0.82	0.225274725	0.869426752	628
41	Stouffer	81	377	19	0.176855895	0.81	0.290322581	0.823144105	458
41	Cauchy	84	606	16	0.12173913	0.84	0.212658228	0.87826087	690
42	edgeR	75	800	25	0.085714286	0.75	0.153846154	0.914285714	875
42	DESeq2	60	178	40	0.25210084	0.6	0.355029586	0.74789916	238
42	ALDEx2	51	1	49	0.980769231	0.51	0.671052632	0.019230769	52
42	metaSeq	68	13	32	0.839506173	0.68	0.751381215	0.160493827	81
42	ADAPT	67	6	33	0.917808219	0.67	0.774566474	0.082191781	73
42	ANCOMBC2	36	288	64	0.111111111	0.36	0.169811321	0.888888889	324
42	MaAsLin3	38	9	62	0.808510638	0.38	0.517006803	0.191489362	47
42	Union	77	897	23	0.079055441	0.77	0.143389199	0.920944559	974
42	Vote_2of7	68	318	32	0.176165803	0.68	0.279835391	0.823834197	386
42	Vote_3of7	65	64	35	0.503875969	0.65	0.56768559	0.496124031	129
42	Vote_4of7	60	12	40	0.833333333	0.6	0.697674419	0.166666667	72
42	Vote_5of7	52	3	48	0.945454545	0.52	0.670967742	0.054545455	55
42	Vote_6of7	41	1	59	0.976190476	0.41	0.577464789	0.023809524	42
42	Intersect	32	0	68	1	0.32	0.484848485	0	32
42	Fisher	75	631	25	0.106232295	0.75	0.186104218	0.893767705	706
42	Stouffer	70	422	30	0.142276423	0.7	0.236486486	0.857723577	492
42	Cauchy	75	712	25	0.095298602	0.75	0.169109357	0.904701398	787
43	edgeR	84	706	16	0.106329114	0.84	0.188764045	0.893670886	790
43	DESeq2	61	120	39	0.337016575	0.61	0.434163701	0.662983425	181
43	ALDEx2	50	3	50	0.943396226	0.5	0.653594771	0.056603774	53
43	metaSeq	80	23	20	0.776699029	0.8	0.78817734	0.223300971	103
43	ADAPT	75	8	25	0.903614458	0.75	0.819672131	0.096385542	83
43	ANCOMBC2	27	380	73	0.066339066	0.27	0.106508876	0.933660934	407
43	MaAsLin3	26	8	74	0.764705882	0.26	0.388059701	0.235294118	34
43	Union	90	855	10	0.095238095	0.9	0.172248804	0.904761905	945
43	Vote_2of7	77	288	23	0.210958904	0.77	0.331182796	0.789041096	365
43	Vote_3of7	74	79	26	0.483660131	0.74	0.584980237	0.516339869	153
43	Vote_4of7	61	20	39	0.75308642	0.61	0.674033149	0.24691358	81
43	Vote_5of7	51	6	49	0.894736842	0.51	0.649681529	0.105263158	57
43	Vote_6of7	29	0	71	1	0.29	0.449612403	0	29
43	Intersect	21	0	79	1	0.21	0.347107438	0	21
43	Fisher	84	551	16	0.132283465	0.84	0.228571429	0.867716535	635
43	Stouffer	81	380	19	0.175704989	0.81	0.288770053	0.824295011	461
43	Cauchy	88	621	12	0.124118477	0.88	0.217552534	0.875881523	709
44	edgeR	74	607	26	0.10866373	0.74	0.18950064	0.89133627	681
44	DESeq2	63	89	37	0.414473684	0.63	0.5	0.585526316	152
44	ALDEx2	52	0	48	1	0.52	0.684210526	0	52
44	metaSeq	70	7	30	0.909090909	0.7	0.790960452	0.090909091	77
44	ADAPT	73	17	27	0.811111111	0.73	0.768421053	0.188888889	90
44	ANCOMBC2	34	339	66	0.091152815	0.34	0.143763214	0.908847185	373
44	MaAsLin3	28	4	72	0.875	0.28	0.424242424	0.125	32
44	Union	75	783	25	0.087412587	0.75	0.1565762	0.912587413	858
44	Vote_2of7	72	225	28	0.242424242	0.72	0.362720403	0.757575758	297
44	Vote_3of7	71	46	29	0.606837607	0.71	0.65437788	0.393162393	117
44	Vote_4of7	63	7	37	0.9	0.63	0.741176471	0.1	70
44	Vote_5of7	52	1	48	0.981132075	0.52	0.679738562	0.018867925	53
44	Vote_6of7	35	1	65	0.972222222	0.35	0.514705882	0.027777778	36
44	Intersect	26	0	74	1	0.26	0.412698413	0	26
44	Fisher	75	499	25	0.130662021	0.75	0.222551929	0.869337979	574
44	Stouffer	75	319	25	0.19035533	0.75	0.303643725	0.80964467	394
44	Cauchy	75	566	25	0.11700468	0.75	0.20242915	0.88299532	641
45	edgeR	83	743	17	0.100484262	0.83	0.179265659	0.899515738	826
45	DESeq2	72	92	28	0.43902439	0.72	0.545454545	0.56097561	164
45	ALDEx2	62	4	38	0.939393939	0.62	0.746987952	0.060606061	66
45	metaSeq	80	30	20	0.727272727	0.8	0.761904762	0.272727273	110
45	ADAPT	77	16	23	0.827956989	0.77	0.797927461	0.172043011	93
45	ANCOMBC2	38	355	62	0.096692112	0.38	0.154158215	0.903307888	393
45	MaAsLin3	41	7	59	0.854166667	0.41	0.554054054	0.145833333	48
45	Union	85	884	15	0.087719298	0.85	0.159027128	0.912280702	969
45	Vote_2of7	80	272	20	0.227272727	0.8	0.353982301	0.772727273	352
45	Vote_3of7	75	59	25	0.559701493	0.75	0.641025641	0.440298507	134
45	Vote_4of7	72	20	28	0.782608696	0.72	0.75	0.217391304	92
45	Vote_5of7	62	9	38	0.873239437	0.62	0.725146199	0.126760563	71
45	Vote_6of7	42	3	58	0.933333333	0.42	0.579310345	0.066666667	45
45	Intersect	37	0	63	1	0.37	0.540145985	0	37
45	Fisher	85	592	15	0.125553914	0.85	0.218790219	0.874446086	677
45	Stouffer	83	406	17	0.169734151	0.83	0.281833616	0.830265849	489
45	Cauchy	85	684	15	0.11053316	0.85	0.195627158	0.88946684	769
46	edgeR	71	740	29	0.087546239	0.71	0.155872667	0.912453761	811
46	DESeq2	58	97	42	0.374193548	0.58	0.454901961	0.625806452	155
46	ALDEx2	50	1	50	0.980392157	0.5	0.662251656	0.019607843	51
46	metaSeq	64	12	36	0.842105263	0.64	0.727272727	0.157894737	76
46	ADAPT	66	5	34	0.929577465	0.66	0.771929825	0.070422535	71
46	ANCOMBC2	29	357	71	0.075129534	0.29	0.119341564	0.924870466	386
46	MaAsLin3	25	7	75	0.78125	0.25	0.378787879	0.21875	32
46	Union	72	887	28	0.075078206	0.72	0.135977337	0.924921794	959
46	Vote_2of7	66	271	34	0.195845697	0.66	0.302059497	0.804154303	337
46	Vote_3of7	65	47	35	0.580357143	0.65	0.613207547	0.419642857	112
46	Vote_4of7	58	9	42	0.865671642	0.58	0.694610778	0.134328358	67
46	Vote_5of7	48	5	52	0.905660377	0.48	0.62745098	0.094339623	53
46	Vote_6of7	31	0	69	1	0.31	0.473282443	0	31
46	Intersect	23	0	77	1	0.23	0.37398374	0	23
46	Fisher	72	568	28	0.1125	0.72	0.194594595	0.8875	640
46	Stouffer	69	366	31	0.15862069	0.69	0.257943925	0.84137931	435
46	Cauchy	72	643	28	0.100699301	0.72	0.176687117	0.899300699	715
47	edgeR	78	810	22	0.087837838	0.78	0.157894737	0.912162162	888
47	DESeq2	60	152	40	0.283018868	0.6	0.384615385	0.716981132	212
47	ALDEx2	51	2	49	0.962264151	0.51	0.666666667	0.037735849	53
47	metaSeq	69	8	31	0.896103896	0.69	0.779661017	0.103896104	77
47	ADAPT	72	5	28	0.935064935	0.72	0.813559322	0.064935065	77
47	ANCOMBC2	32	340	68	0.086021505	0.32	0.13559322	0.913978495	372
47	MaAsLin3	29	6	71	0.828571429	0.29	0.42962963	0.171428571	35
47	Union	80	937	20	0.078662734	0.8	0.143240824	0.921337266	1017
47	Vote_2of7	71	317	29	0.182989691	0.71	0.290983607	0.817010309	388
47	Vote_3of7	68	57	32	0.544	0.68	0.604444444	0.456	125
47	Vote_4of7	60	9	40	0.869565217	0.6	0.710059172	0.130434783	69
47	Vote_5of7	51	2	49	0.962264151	0.51	0.666666667	0.037735849	53
47	Vote_6of7	35	1	65	0.972222222	0.35	0.514705882	0.027777778	36
47	Intersect	26	0	74	1	0.26	0.412698413	0	26
47	Fisher	79	622	21	0.112696148	0.79	0.197253433	0.887303852	701
47	Stouffer	78	406	22	0.161157025	0.78	0.267123288	0.838842975	484
47	Cauchy	79	703	21	0.101023018	0.79	0.179138322	0.898976982	782
48	edgeR	78	746	22	0.094660194	0.78	0.168831169	0.905339806	824
48	DESeq2	63	147	37	0.3	0.63	0.406451613	0.7	210
48	ALDEx2	59	3	41	0.951612903	0.59	0.728395062	0.048387097	62
48	metaSeq	67	12	33	0.848101266	0.67	0.748603352	0.151898734	79
48	ADAPT	70	4	30	0.945945946	0.7	0.804597701	0.054054054	74
48	ANCOMBC2	36	410	64	0.080717489	0.36	0.131868132	0.919282511	446
48	MaAsLin3	37	3	63	0.925	0.37	0.528571429	0.075	40
48	Union	79	885	21	0.081950207	0.79	0.148496241	0.918049793	964
48	Vote_2of7	69	342	31	0.167883212	0.69	0.270058708	0.832116788	411
48	Vote_3of7	68	84	32	0.447368421	0.68	0.53968254	0.552631579	152
48	Vote_4of7	64	11	36	0.853333333	0.64	0.731428571	0.146666667	75
48	Vote_5of7	57	2	43	0.966101695	0.57	0.716981132	0.033898305	59
48	Vote_6of7	39	1	61	0.975	0.39	0.557142857	0.025	40
48	Intersect	34	0	66	1	0.34	0.507462687	0	34
48	Fisher	78	566	22	0.121118012	0.78	0.209677419	0.878881988	644
48	Stouffer	76	402	24	0.158995816	0.76	0.262975779	0.841004184	478
48	Cauchy	78	642	22	0.108333333	0.78	0.190243902	0.891666667	720
49	edgeR	80	816	20	0.089285714	0.8	0.16064257	0.910714286	896
49	DESeq2	61	186	39	0.246963563	0.61	0.351585014	0.753036437	247
49	ALDEx2	54	16	46	0.771428571	0.54	0.635294118	0.228571429	70
49	metaSeq	73	44	27	0.623931624	0.73	0.67281106	0.376068376	117
49	ADAPT	70	29	30	0.707070707	0.7	0.703517588	0.292929293	99
49	ANCOMBC2	36	360	64	0.090909091	0.36	0.14516129	0.909090909	396
49	MaAsLin3	37	28	63	0.569230769	0.37	0.448484848	0.430769231	65
49	Union	82	931	18	0.08094768	0.82	0.147349506	0.91905232	1013
49	Vote_2of7	72	367	28	0.164009112	0.72	0.26716141	0.835990888	439
49	Vote_3of7	69	108	31	0.389830508	0.69	0.498194946	0.610169492	177
49	Vote_4of7	61	43	39	0.586538462	0.61	0.598039216	0.413461538	104
49	Vote_5of7	55	23	45	0.705128205	0.55	0.617977528	0.294871795	78
49	Vote_6of7	38	7	62	0.844444444	0.38	0.524137931	0.155555556	45
49	Intersect	34	0	66	1	0.34	0.507462687	0	34
49	Fisher	80	684	20	0.104712042	0.8	0.185185185	0.895287958	764
49	Stouffer	77	490	23	0.135802469	0.77	0.230884558	0.864197531	567
49	Cauchy	82	739	18	0.099878197	0.82	0.178067318	0.900121803	821
50	edgeR	80	654	20	0.108991826	0.8	0.191846523	0.891008174	734
50	DESeq2	60	113	40	0.346820809	0.6	0.43956044	0.653179191	173
50	ALDEx2	56	0	44	1	0.56	0.717948718	0	56
50	metaSeq	63	8	37	0.887323944	0.63	0.736842105	0.112676056	71
50	ADAPT	67	3	33	0.957142857	0.67	0.788235294	0.042857143	70
50	ANCOMBC2	31	334	69	0.084931507	0.31	0.133333333	0.915068493	365
50	MaAsLin3	30	5	70	0.857142857	0.3	0.444444444	0.142857143	35
50	Union	80	845	20	0.086486486	0.8	0.156097561	0.913513514	925
50	Vote_2of7	67	226	33	0.228668942	0.67	0.340966921	0.771331058	293
50	Vote_3of7	64	36	36	0.64	0.64	0.64	0.36	100
50	Vote_4of7	60	7	40	0.895522388	0.6	0.718562874	0.104477612	67
50	Vote_5of7	55	3	45	0.948275862	0.55	0.696202532	0.051724138	58
50	Vote_6of7	34	0	66	1	0.34	0.507462687	0	34
50	Intersect	27	0	73	1	0.27	0.42519685	0	27
50	Fisher	77	515	23	0.130067568	0.77	0.222543353	0.869932432	592
50	Stouffer	75	328	25	0.186104218	0.75	0.298210736	0.813895782	403
50	Cauchy	76	610	24	0.110787172	0.76	0.193384224	0.889212828	686
51	edgeR	79	725	21	0.098258706	0.79	0.174778761	0.901741294	804
51	DESeq2	60	185	40	0.244897959	0.6	0.347826087	0.755102041	245
51	ALDEx2	49	0	51	1	0.49	0.657718121	0	49
51	metaSeq	71	8	29	0.898734177	0.71	0.793296089	0.101265823	79
51	ADAPT	74	8	26	0.902439024	0.74	0.813186813	0.097560976	82
51	ANCOMBC2	30	337	70	0.081743869	0.3	0.128479657	0.918256131	367
51	MaAsLin3	30	6	70	0.833333333	0.3	0.441176471	0.166666667	36
51	Union	81	843	19	0.087662338	0.81	0.158203125	0.912337662	924
51	Vote_2of7	74	320	26	0.187817259	0.74	0.299595142	0.812182741	394
51	Vote_3of7	70	95	30	0.424242424	0.7	0.528301887	0.575757576	165
51	Vote_4of7	60	8	40	0.882352941	0.6	0.714285714	0.117647059	68
51	Vote_5of7	49	2	51	0.960784314	0.49	0.649006623	0.039215686	51
51	Vote_6of7	33	1	67	0.970588235	0.33	0.492537313	0.029411765	34
51	Intersect	26	0	74	1	0.26	0.412698413	0	26
51	Fisher	79	589	21	0.118263473	0.79	0.205729167	0.881736527	668
51	Stouffer	75	396	25	0.159235669	0.75	0.262697023	0.840764331	471
51	Cauchy	78	638	22	0.108938547	0.78	0.191176471	0.891061453	716
52	edgeR	78	846	22	0.084415584	0.78	0.15234375	0.915584416	924
52	DESeq2	67	130	33	0.340101523	0.67	0.451178451	0.659898477	197
52	ALDEx2	60	2	40	0.967741935	0.6	0.740740741	0.032258065	62
52	metaSeq	71	12	29	0.855421687	0.71	0.775956284	0.144578313	83
52	ADAPT	74	8	26	0.902439024	0.74	0.813186813	0.097560976	82
52	ANCOMBC2	43	307	57	0.122857143	0.43	0.191111111	0.877142857	350
52	MaAsLin3	41	5	59	0.891304348	0.41	0.561643836	0.108695652	46
52	Union	79	948	21	0.076923077	0.79	0.140195209	0.923076923	1027
52	Vote_2of7	75	300	25	0.2	0.75	0.315789474	0.8	375
52	Vote_3of7	72	46	28	0.610169492	0.72	0.660550459	0.389830508	118
52	Vote_4of7	66	14	34	0.825	0.66	0.733333333	0.175	80
52	Vote_5of7	58	2	42	0.966666667	0.58	0.725	0.033333333	60
52	Vote_6of7	47	0	53	1	0.47	0.639455782	0	47
52	Intersect	37	0	63	1	0.37	0.540145985	0	37
52	Fisher	78	673	22	0.103861518	0.78	0.183313749	0.896138482	751
52	Stouffer	78	424	22	0.155378486	0.78	0.259136213	0.844621514	502
52	Cauchy	78	743	22	0.09500609	0.78	0.169381107	0.90499391	821
53	edgeR	76	824	24	0.084444444	0.76	0.152	0.915555556	900
53	DESeq2	65	133	35	0.328282828	0.65	0.436241611	0.671717172	198
53	ALDEx2	57	9	43	0.863636364	0.57	0.686746988	0.136363636	66
53	metaSeq	70	29	30	0.707070707	0.7	0.703517588	0.292929293	99
53	ADAPT	71	6	29	0.922077922	0.71	0.802259887	0.077922078	77
53	ANCOMBC2	43	287	57	0.13030303	0.43	0.2	0.86969697	330
53	MaAsLin3	39	13	61	0.75	0.39	0.513157895	0.25	52
53	Union	76	928	24	0.075697211	0.76	0.137681159	0.924302789	1004
53	Vote_2of7	72	278	28	0.205714286	0.72	0.32	0.794285714	350
53	Vote_3of7	71	66	29	0.518248175	0.71	0.599156118	0.481751825	137
53	Vote_4of7	63	22	37	0.741176471	0.63	0.681081081	0.258823529	85
53	Vote_5of7	57	6	43	0.904761905	0.57	0.699386503	0.095238095	63
53	Vote_6of7	45	1	55	0.97826087	0.45	0.616438356	0.02173913	46
53	Intersect	37	0	63	1	0.37	0.540145985	0	37
53	Fisher	76	650	24	0.104683196	0.76	0.18401937	0.895316804	726
53	Stouffer	75	457	25	0.140977444	0.75	0.237341772	0.859022556	532
53	Cauchy	76	709	24	0.096815287	0.76	0.171751412	0.903184713	785
54	edgeR	77	716	23	0.097099622	0.77	0.172452408	0.902900378	793
54	DESeq2	61	116	39	0.344632768	0.61	0.440433213	0.655367232	177
54	ALDEx2	54	0	46	1	0.54	0.701298701	0	54
54	metaSeq	74	11	26	0.870588235	0.74	0.8	0.129411765	85
54	ADAPT	75	7	25	0.914634146	0.75	0.824175824	0.085365854	82
54	ANCOMBC2	33	392	67	0.077647059	0.33	0.125714286	0.922352941	425
54	MaAsLin3	21	6	79	0.777777778	0.21	0.330708661	0.222222222	27
54	Union	80	832	20	0.087719298	0.8	0.158102767	0.912280702	912
54	Vote_2of7	77	318	23	0.194936709	0.77	0.311111111	0.805063291	395
54	Vote_3of7	71	86	29	0.452229299	0.71	0.552529183	0.547770701	157
54	Vote_4of7	61	11	39	0.847222222	0.61	0.709302326	0.152777778	72
54	Vote_5of7	52	1	48	0.981132075	0.52	0.679738562	0.018867925	53
54	Vote_6of7	33	0	67	1	0.33	0.496240602	0	33
54	Intersect	21	0	79	1	0.21	0.347107438	0	21
54	Fisher	79	538	21	0.128038898	0.79	0.220362622	0.871961102	617
54	Stouffer	78	383	22	0.169197397	0.78	0.278074866	0.830802603	461
54	Cauchy	79	622	21	0.112696148	0.79	0.197253433	0.887303852	701
55	edgeR	78	804	22	0.088435374	0.78	0.15885947	0.911564626	882
55	DESeq2	56	141	44	0.284263959	0.56	0.377104377	0.715736041	197
55	ALDEx2	52	3	48	0.945454545	0.52	0.670967742	0.054545455	55
55	metaSeq	65	14	35	0.82278481	0.65	0.726256983	0.17721519	79
55	ADAPT	72	6	28	0.923076923	0.72	0.808988764	0.076923077	78
55	ANCOMBC2	35	305	65	0.102941176	0.35	0.159090909	0.897058824	340
55	MaAsLin3	33	14	67	0.70212766	0.33	0.448979592	0.29787234	47
55	Union	80	914	20	0.080482897	0.8	0.146252285	0.919517103	994
55	Vote_2of7	72	296	28	0.195652174	0.72	0.307692308	0.804347826	368
55	Vote_3of7	64	55	36	0.537815126	0.64	0.584474886	0.462184874	119
55	Vote_4of7	55	14	45	0.797101449	0.55	0.650887574	0.202898551	69
55	Vote_5of7	52	6	48	0.896551724	0.52	0.658227848	0.103448276	58
55	Vote_6of7	37	1	63	0.973684211	0.37	0.536231884	0.026315789	38
55	Intersect	31	1	69	0.96875	0.31	0.46969697	0.03125	32
55	Fisher	77	600	23	0.113737075	0.77	0.198198198	0.886262925	677
55	Stouffer	75	404	25	0.1565762	0.75	0.259067358	0.8434238	479
55	Cauchy	77	713	23	0.097468354	0.77	0.173033708	0.902531646	790
56	edgeR	80	614	20	0.115273775	0.8	0.201511335	0.884726225	694
56	DESeq2	58	67	42	0.464	0.58	0.515555556	0.536	125
56	ALDEx2	48	0	52	1	0.48	0.648648649	0	48
56	metaSeq	76	7	24	0.915662651	0.76	0.830601093	0.084337349	83
56	ADAPT	71	8	29	0.898734177	0.71	0.793296089	0.101265823	79
56	ANCOMBC2	26	341	74	0.070844687	0.26	0.111349036	0.929155313	367
56	MaAsLin3	26	2	74	0.928571429	0.26	0.40625	0.071428571	28
56	Union	83	781	17	0.096064815	0.83	0.17219917	0.903935185	864
56	Vote_2of7	76	224	24	0.253333333	0.76	0.38	0.746666667	300
56	Vote_3of7	69	29	31	0.704081633	0.69	0.696969697	0.295918367	98
56	Vote_4of7	57	4	43	0.93442623	0.57	0.708074534	0.06557377	61
56	Vote_5of7	48	1	52	0.979591837	0.48	0.644295302	0.020408163	49
56	Vote_6of7	29	0	71	1	0.29	0.449612403	0	29
56	Intersect	23	0	77	1	0.23	0.37398374	0	23
56	Fisher	81	483	19	0.143617021	0.81	0.243975904	0.856382979	564
56	Stouffer	78	312	22	0.2	0.78	0.318367347	0.8	390
56	Cauchy	82	545	18	0.130781499	0.82	0.225584594	0.869218501	627
57	edgeR	77	779	23	0.089953271	0.77	0.161087866	0.910046729	856
57	DESeq2	63	117	37	0.35	0.63	0.45	0.65	180
57	ALDEx2	54	1	46	0.981818182	0.54	0.696774194	0.018181818	55
57	metaSeq	66	10	34	0.868421053	0.66	0.75	0.131578947	76
57	ADAPT	70	12	30	0.853658537	0.7	0.769230769	0.146341463	82
57	ANCOMBC2	41	330	59	0.110512129	0.41	0.174097665	0.889487871	371
57	MaAsLin3	35	9	65	0.795454545	0.35	0.486111111	0.204545455	44
57	Union	77	898	23	0.078974359	0.77	0.143255814	0.921025641	975
57	Vote_2of7	70	286	30	0.196629213	0.7	0.307017544	0.803370787	356
57	Vote_3of7	68	60	32	0.53125	0.68	0.596491228	0.46875	128
57	Vote_4of7	63	11	37	0.851351351	0.63	0.724137931	0.148648649	74
57	Vote_5of7	53	3	47	0.946428571	0.53	0.679487179	0.053571429	56
57	Vote_6of7	41	0	59	1	0.41	0.581560284	0	41
57	Intersect	34	0	66	1	0.34	0.507462687	0	34
57	Fisher	74	577	26	0.113671275	0.74	0.197070573	0.886328725	651
57	Stouffer	73	388	27	0.15835141	0.73	0.260249554	0.84164859	461
57	Cauchy	75	652	25	0.103163686	0.75	0.181378476	0.896836314	727
58	edgeR	82	731	18	0.100861009	0.82	0.179627601	0.899138991	813
58	DESeq2	66	129	34	0.338461538	0.66	0.447457627	0.661538462	195
58	ALDEx2	57	1	43	0.982758621	0.57	0.721518987	0.017241379	58
58	metaSeq	68	5	32	0.931506849	0.68	0.786127168	0.068493151	73
58	ADAPT	74	6	26	0.925	0.74	0.822222222	0.075	80
58	ANCOMBC2	32	309	68	0.093841642	0.32	0.145124717	0.906158358	341
58	MaAsLin3	31	10	69	0.756097561	0.31	0.439716312	0.243902439	41
58	Union	82	863	18	0.086772487	0.82	0.156937799	0.913227513	945
58	Vote_2of7	75	268	25	0.218658892	0.75	0.338600451	0.781341108	343
58	Vote_3of7	71	49	29	0.591666667	0.71	0.645454545	0.408333333	120
58	Vote_4of7	65	8	35	0.890410959	0.65	0.751445087	0.109589041	73
58	Vote_5of7	54	2	46	0.964285714	0.54	0.692307692	0.035714286	56
58	Vote_6of7	35	1	65	0.972222222	0.35	0.514705882	0.027777778	36
58	Intersect	28	0	72	1	0.28	0.4375	0	28
58	Fisher	79	539	21	0.127831715	0.79	0.22005571	0.872168285	618
58	Stouffer	77	352	23	0.179487179	0.77	0.291115312	0.820512821	429
58	Cauchy	80	613	20	0.115440115	0.8	0.201765448	0.884559885	693
59	edgeR	80	633	20	0.112201964	0.8	0.196801968	0.887798036	713
59	DESeq2	70	80	30	0.466666667	0.7	0.56	0.533333333	150
59	ALDEx2	62	0	38	1	0.62	0.765432099	0	62
59	metaSeq	77	12	23	0.865168539	0.77	0.814814815	0.134831461	89
59	ADAPT	77	5	23	0.93902439	0.77	0.846153846	0.06097561	82
59	ANCOMBC2	40	298	60	0.118343195	0.4	0.182648402	0.881656805	338
59	MaAsLin3	37	6	63	0.860465116	0.37	0.517482517	0.139534884	43
59	Union	80	789	20	0.092059839	0.8	0.165118679	0.907940161	869
59	Vote_2of7	77	199	23	0.278985507	0.77	0.409574468	0.721014493	276
59	Vote_3of7	77	37	23	0.675438596	0.77	0.719626168	0.324561404	114
59	Vote_4of7	70	8	30	0.897435897	0.7	0.786516854	0.102564103	78
59	Vote_5of7	62	1	38	0.984126984	0.62	0.760736196	0.015873016	63
59	Vote_6of7	43	0	57	1	0.43	0.601398601	0	43
59	Intersect	34	0	66	1	0.34	0.507462687	0	34
59	Fisher	79	493	21	0.138111888	0.79	0.235119048	0.861888112	572
59	Stouffer	77	318	23	0.194936709	0.77	0.311111111	0.805063291	395
59	Cauchy	78	559	22	0.12244898	0.78	0.211668928	0.87755102	637
60	edgeR	84	781	16	0.097109827	0.84	0.174093264	0.902890173	865
60	DESeq2	64	120	36	0.347826087	0.64	0.450704225	0.652173913	184
60	ALDEx2	55	1	45	0.982142857	0.55	0.705128205	0.017857143	56
60	metaSeq	70	8	30	0.897435897	0.7	0.786516854	0.102564103	78
60	ADAPT	72	15	28	0.827586207	0.72	0.770053476	0.172413793	87
60	ANCOMBC2	41	335	59	0.109042553	0.41	0.172268908	0.890957447	376
60	MaAsLin3	37	7	63	0.840909091	0.37	0.513888889	0.159090909	44
60	Union	85	923	15	0.084325397	0.85	0.153429603	0.915674603	1008
60	Vote_2of7	72	276	28	0.206896552	0.72	0.321428571	0.793103448	348
60	Vote_3of7	71	57	29	0.5546875	0.71	0.622807018	0.4453125	128
60	Vote_4of7	64	7	36	0.901408451	0.64	0.748538012	0.098591549	71
60	Vote_5of7	54	3	46	0.947368421	0.54	0.687898089	0.052631579	57
60	Vote_6of7	44	1	56	0.977777778	0.44	0.606896552	0.022222222	45
60	Intersect	33	0	67	1	0.33	0.496240602	0	33
60	Fisher	82	638	18	0.113888889	0.82	0.2	0.886111111	720
60	Stouffer	79	439	21	0.152509653	0.79	0.25566343	0.847490347	518
60	Cauchy	81	727	19	0.100247525	0.81	0.178414097	0.899752475	808
61	edgeR	79	786	21	0.09132948	0.79	0.16373057	0.90867052	865
61	DESeq2	64	106	36	0.376470588	0.64	0.474074074	0.623529412	170
61	ALDEx2	55	3	45	0.948275862	0.55	0.696202532	0.051724138	58
61	metaSeq	69	16	31	0.811764706	0.69	0.745945946	0.188235294	85
61	ADAPT	69	7	31	0.907894737	0.69	0.784090909	0.092105263	76
61	ANCOMBC2	34	407	66	0.077097506	0.34	0.125693161	0.922902494	441
61	MaAsLin3	34	12	66	0.739130435	0.34	0.465753425	0.260869565	46
61	Union	80	925	20	0.07960199	0.8	0.14479638	0.92039801	1005
61	Vote_2of7	70	329	30	0.175438596	0.7	0.280561122	0.824561404	399
61	Vote_3of7	68	60	32	0.53125	0.68	0.596491228	0.46875	128
61	Vote_4of7	63	16	37	0.797468354	0.63	0.703910615	0.202531646	79
61	Vote_5of7	55	6	45	0.901639344	0.55	0.683229814	0.098360656	61
61	Vote_6of7	39	1	61	0.975	0.39	0.557142857	0.025	40
61	Intersect	29	0	71	1	0.29	0.449612403	0	29
61	Fisher	78	607	22	0.113868613	0.78	0.198726115	0.886131387	685
61	Stouffer	75	424	25	0.150300601	0.75	0.250417362	0.849699399	499
61	Cauchy	78	677	22	0.103311258	0.78	0.18245614	0.896688742	755
62	edgeR	78	678	22	0.103174603	0.78	0.182242991	0.896825397	756
62	DESeq2	61	129	39	0.321052632	0.61	0.420689655	0.678947368	190
62	ALDEx2	47	2	53	0.959183673	0.47	0.630872483	0.040816327	49
62	metaSeq	70	11	30	0.864197531	0.7	0.773480663	0.135802469	81
62	ADAPT	73	6	27	0.924050633	0.73	0.815642458	0.075949367	79
62	ANCOMBC2	31	313	69	0.090116279	0.31	0.13963964	0.909883721	344
62	MaAsLin3	31	5	69	0.861111111	0.31	0.455882353	0.138888889	36
62	Union	83	833	17	0.090611354	0.83	0.163385827	0.909388646	916
62	Vote_2of7	71	256	29	0.217125382	0.71	0.332552693	0.782874618	327
62	Vote_3of7	68	39	32	0.635514019	0.68	0.657004831	0.364485981	107
62	Vote_4of7	60	10	40	0.857142857	0.6	0.705882353	0.142857143	70
62	Vote_5of7	47	3	53	0.94	0.47	0.626666667	0.06	50
62	Vote_6of7	34	2	66	0.944444444	0.34	0.5	0.055555556	36
62	Intersect	28	1	72	0.965517241	0.28	0.434108527	0.034482759	29
62	Fisher	81	537	19	0.131067961	0.81	0.225626741	0.868932039	618
62	Stouffer	77	337	23	0.185990338	0.77	0.299610895	0.814009662	414
62	Cauchy	81	616	19	0.116212339	0.81	0.203262233	0.883787661	697
63	edgeR	76	805	24	0.086265607	0.76	0.154943935	0.913734393	881
63	DESeq2	61	155	39	0.282407407	0.61	0.386075949	0.717592593	216
63	ALDEx2	60	11	40	0.845070423	0.6	0.701754386	0.154929577	71
63	metaSeq	67	27	33	0.712765957	0.67	0.690721649	0.287234043	94
63	ADAPT	68	10	32	0.871794872	0.68	0.764044944	0.128205128	78
63	ANCOMBC2	38	368	62	0.093596059	0.38	0.150197628	0.906403941	406
63	MaAsLin3	37	20	63	0.649122807	0.37	0.47133758	0.350877193	57
63	Union	80	938	20	0.078585462	0.8	0.143112701	0.921414538	1018
63	Vote_2of7	68	320	32	0.175257732	0.68	0.278688525	0.824742268	388
63	Vote_3of7	67	100	33	0.401197605	0.67	0.501872659	0.598802395	167
63	Vote_4of7	60	25	40	0.705882353	0.6	0.648648649	0.294117647	85
63	Vote_5of7	58	11	42	0.84057971	0.58	0.686390533	0.15942029	69
63	Vote_6of7	42	2	58	0.954545455	0.42	0.583333333	0.045454545	44
63	Intersect	32	0	68	1	0.32	0.484848485	0	32
63	Fisher	78	678	22	0.103174603	0.78	0.182242991	0.896825397	756
63	Stouffer	73	461	27	0.13670412	0.73	0.230283912	0.86329588	534
63	Cauchy	79	750	21	0.095295537	0.79	0.17007535	0.904704463	829
64	edgeR	76	684	24	0.1	0.76	0.176744186	0.9	760
64	DESeq2	60	123	40	0.327868852	0.6	0.424028269	0.672131148	183
64	ALDEx2	53	3	47	0.946428571	0.53	0.679487179	0.053571429	56
64	metaSeq	68	14	32	0.829268293	0.68	0.747252747	0.170731707	82
64	ADAPT	69	12	31	0.851851852	0.69	0.762430939	0.148148148	81
64	ANCOMBC2	38	395	62	0.087759815	0.38	0.142589118	0.912240185	433
64	MaAsLin3	33	1	67	0.970588235	0.33	0.492537313	0.029411765	34
64	Union	76	826	24	0.084257206	0.76	0.151696607	0.915742794	902
64	Vote_2of7	69	308	31	0.183023873	0.69	0.289308176	0.816976127	377
64	Vote_3of7	69	82	31	0.456953642	0.69	0.549800797	0.543046358	151
64	Vote_4of7	60	14	40	0.810810811	0.6	0.689655172	0.189189189	74
64	Vote_5of7	53	2	47	0.963636364	0.53	0.683870968	0.036363636	55
64	Vote_6of7	38	0	62	1	0.38	0.550724638	0	38
64	Intersect	32	0	68	1	0.32	0.484848485	0	32
64	Fisher	75	549	25	0.120192308	0.75	0.20718232	0.879807692	624
64	Stouffer	73	397	27	0.155319149	0.73	0.256140351	0.844680851	470
64	Cauchy	75	605	25	0.110294118	0.75	0.192307692	0.889705882	680
65	edgeR	81	759	19	0.096428571	0.81	0.172340426	0.903571429	840
65	DESeq2	61	115	39	0.346590909	0.61	0.442028986	0.653409091	176
65	ALDEx2	55	3	45	0.948275862	0.55	0.696202532	0.051724138	58
65	metaSeq	67	18	33	0.788235294	0.67	0.724324324	0.211764706	85
65	ADAPT	74	11	26	0.870588235	0.74	0.8	0.129411765	85
65	ANCOMBC2	37	270	63	0.120521173	0.37	0.181818182	0.879478827	307
65	MaAsLin3	34	7	66	0.829268293	0.34	0.482269504	0.170731707	41
65	Union	82	856	18	0.087420043	0.82	0.157996146	0.912579957	938
65	Vote_2of7	73	265	27	0.215976331	0.73	0.333333333	0.784023669	338
65	Vote_3of7	68	43	32	0.612612613	0.68	0.644549763	0.387387387	111
65	Vote_4of7	60	14	40	0.810810811	0.6	0.689655172	0.189189189	74
65	Vote_5of7	55	3	45	0.948275862	0.55	0.696202532	0.051724138	58
65	Vote_6of7	40	2	60	0.952380952	0.4	0.563380282	0.047619048	42
65	Intersect	31	0	69	1	0.31	0.473282443	0	31
65	Fisher	78	568	22	0.120743034	0.78	0.209115282	0.879256966	646
65	Stouffer	76	394	24	0.161702128	0.76	0.266666667	0.838297872	470
65	Cauchy	79	655	21	0.107629428	0.79	0.189448441	0.892370572	734
66	edgeR	85	768	15	0.0996483	0.85	0.17838405	0.9003517	853
66	DESeq2	70	157	30	0.308370044	0.7	0.428134557	0.691629956	227
66	ALDEx2	59	4	41	0.936507937	0.59	0.72392638	0.063492063	63
66	metaSeq	77	24	23	0.762376238	0.77	0.766169154	0.237623762	101
66	ADAPT	80	10	20	0.888888889	0.8	0.842105263	0.111111111	90
66	ANCOMBC2	40	339	60	0.105540897	0.4	0.167014614	0.894459103	379
66	MaAsLin3	43	14	57	0.754385965	0.43	0.547770701	0.245614035	57
66	Union	85	913	15	0.085170341	0.85	0.154826958	0.914829659	998
66	Vote_2of7	80	307	20	0.206718346	0.8	0.328542094	0.793281654	387
66	Vote_3of7	79	71	21	0.526666667	0.79	0.632	0.473333333	150
66	Vote_4of7	68	19	32	0.781609195	0.68	0.727272727	0.218390805	87
66	Vote_5of7	59	5	41	0.921875	0.59	0.719512195	0.078125	64
66	Vote_6of7	46	1	54	0.978723404	0.46	0.62585034	0.021276596	47
66	Intersect	37	0	63	1	0.37	0.540145985	0	37
66	Fisher	84	627	16	0.11814346	0.84	0.207151665	0.88185654	711
66	Stouffer	82	407	18	0.167689162	0.82	0.278438031	0.832310838	489
66	Cauchy	84	689	16	0.108667529	0.84	0.192439863	0.891332471	773
67	edgeR	79	837	21	0.086244541	0.79	0.155511811	0.913755459	916
67	DESeq2	68	144	32	0.320754717	0.68	0.435897436	0.679245283	212
67	ALDEx2	60	8	40	0.882352941	0.6	0.714285714	0.117647059	68
67	metaSeq	71	16	29	0.816091954	0.71	0.759358289	0.183908046	87
67	ADAPT	72	14	28	0.837209302	0.72	0.774193548	0.162790698	86
67	ANCOMBC2	41	347	59	0.105670103	0.41	0.168032787	0.894329897	388
67	MaAsLin3	36	16	64	0.692307692	0.36	0.473684211	0.307692308	52
67	Union	79	946	21	0.077073171	0.79	0.140444444	0.922926829	1025
67	Vote_2of7	72	334	28	0.177339901	0.72	0.28458498	0.822660099	406
67	Vote_3of7	72	77	28	0.483221477	0.72	0.578313253	0.516778523	149
67	Vote_4of7	67	18	33	0.788235294	0.67	0.724324324	0.211764706	85
67	Vote_5of7	62	7	38	0.898550725	0.62	0.733727811	0.101449275	69
67	Vote_6of7	42	0	58	1	0.42	0.591549296	0	42
67	Intersect	33	0	67	1	0.33	0.496240602	0	33
67	Fisher	78	661	22	0.105548038	0.78	0.185935638	0.894451962	739
67	Stouffer	76	443	24	0.146435453	0.76	0.245557351	0.853564547	519
67	Cauchy	77	748	23	0.093333333	0.77	0.166486486	0.906666667	825
68	edgeR	79	692	21	0.102464332	0.79	0.181400689	0.897535668	771
68	DESeq2	62	100	38	0.382716049	0.62	0.473282443	0.617283951	162
68	ALDEx2	59	0	41	1	0.59	0.742138365	0	59
68	metaSeq	66	10	34	0.868421053	0.66	0.75	0.131578947	76
68	ADAPT	66	4	34	0.942857143	0.66	0.776470588	0.057142857	70
68	ANCOMBC2	27	424	73	0.059866962	0.27	0.09800363	0.940133038	451
68	MaAsLin3	27	5	73	0.84375	0.27	0.409090909	0.15625	32
68	Union	80	880	20	0.083333333	0.8	0.150943396	0.916666667	960
68	Vote_2of7	67	285	33	0.190340909	0.67	0.296460177	0.809659091	352
68	Vote_3of7	66	59	34	0.528	0.66	0.586666667	0.472	125
68	Vote_4of7	62	9	38	0.873239437	0.62	0.725146199	0.126760563	71
68	Vote_5of7	57	2	43	0.966101695	0.57	0.716981132	0.033898305	59
68	Vote_6of7	31	0	69	1	0.31	0.473282443	0	31
68	Intersect	23	0	77	1	0.23	0.37398374	0	23
68	Fisher	73	552	27	0.1168	0.73	0.20137931	0.8832	625
68	Stouffer	71	358	29	0.165501166	0.71	0.268431002	0.834498834	429
68	Cauchy	74	616	26	0.107246377	0.74	0.187341772	0.892753623	690
69	edgeR	73	818	27	0.081930415	0.73	0.147325933	0.918069585	891
69	DESeq2	64	166	36	0.27826087	0.64	0.387878788	0.72173913	230
69	ALDEx2	52	14	48	0.787878788	0.52	0.626506024	0.212121212	66
69	metaSeq	64	15	36	0.810126582	0.64	0.715083799	0.189873418	79
69	ADAPT	70	8	30	0.897435897	0.7	0.786516854	0.102564103	78
69	ANCOMBC2	33	335	67	0.089673913	0.33	0.141025641	0.910326087	368
69	MaAsLin3	30	18	70	0.625	0.3	0.405405405	0.375	48
69	Union	74	933	26	0.073485601	0.74	0.13369467	0.926514399	1007
69	Vote_2of7	71	336	29	0.174447174	0.71	0.280078895	0.825552826	407
69	Vote_3of7	68	73	32	0.482269504	0.68	0.564315353	0.517730496	141
69	Vote_4of7	62	17	38	0.784810127	0.62	0.69273743	0.215189873	79
69	Vote_5of7	49	10	51	0.830508475	0.49	0.616352201	0.169491525	59
69	Vote_6of7	34	4	66	0.894736842	0.34	0.492753623	0.105263158	38
69	Intersect	28	1	72	0.965517241	0.28	0.434108527	0.034482759	29
69	Fisher	74	657	26	0.10123119	0.74	0.178098676	0.89876881	731
69	Stouffer	73	448	27	0.140115163	0.73	0.23510467	0.859884837	521
69	Cauchy	73	733	27	0.09057072	0.73	0.161147903	0.90942928	806
70	edgeR	75	747	25	0.091240876	0.75	0.162689805	0.908759124	822
70	DESeq2	58	118	42	0.329545455	0.58	0.420289855	0.670454545	176
70	ALDEx2	47	2	53	0.959183673	0.47	0.630872483	0.040816327	49
70	metaSeq	65	5	35	0.928571429	0.65	0.764705882	0.071428571	70
70	ADAPT	68	6	32	0.918918919	0.68	0.781609195	0.081081081	74
70	ANCOMBC2	24	349	76	0.064343164	0.24	0.101479915	0.935656836	373
70	MaAsLin3	23	4	77	0.851851852	0.23	0.362204724	0.148148148	27
70	Union	76	905	24	0.077471967	0.76	0.140610546	0.922528033	981
70	Vote_2of7	68	264	32	0.204819277	0.68	0.314814815	0.795180723	332
70	Vote_3of7	65	54	35	0.546218487	0.65	0.593607306	0.453781513	119
70	Vote_4of7	58	7	42	0.892307692	0.58	0.703030303	0.107692308	65
70	Vote_5of7	46	1	54	0.978723404	0.46	0.62585034	0.021276596	47
70	Vote_6of7	27	0	73	1	0.27	0.42519685	0	27
70	Intersect	20	0	80	1	0.2	0.333333333	0	20
70	Fisher	75	567	25	0.11682243	0.75	0.202156334	0.88317757	642
70	Stouffer	72	360	28	0.166666667	0.72	0.270676692	0.833333333	432
70	Cauchy	74	672	26	0.09919571	0.74	0.174940898	0.90080429	746
71	edgeR	75	654	25	0.102880658	0.75	0.180940893	0.897119342	729
71	DESeq2	51	86	49	0.372262774	0.51	0.430379747	0.627737226	137
71	ALDEx2	43	0	57	1	0.43	0.601398601	0	43
71	metaSeq	63	11	37	0.851351351	0.63	0.724137931	0.148648649	74
71	ADAPT	65	20	35	0.764705882	0.65	0.702702703	0.235294118	85
71	ANCOMBC2	26	368	74	0.065989848	0.26	0.105263158	0.934010152	394
71	MaAsLin3	23	4	77	0.851851852	0.23	0.362204724	0.148148148	27
71	Union	75	814	25	0.084364454	0.75	0.151668352	0.915635546	889
71	Vote_2of7	65	260	35	0.2	0.65	0.305882353	0.8	325
71	Vote_3of7	63	56	37	0.529411765	0.63	0.575342466	0.470588235	119
71	Vote_4of7	51	10	49	0.836065574	0.51	0.633540373	0.163934426	61
71	Vote_5of7	43	3	57	0.934782609	0.43	0.589041096	0.065217391	46
71	Vote_6of7	29	0	71	1	0.29	0.449612403	0	29
71	Intersect	20	0	80	1	0.2	0.333333333	0	20
71	Fisher	73	526	27	0.121869783	0.73	0.208869814	0.878130217	599
71	Stouffer	73	346	27	0.174224344	0.73	0.281310212	0.825775656	419
71	Cauchy	73	588	27	0.110438729	0.73	0.191852825	0.889561271	661
72	edgeR	86	734	14	0.104878049	0.86	0.186956522	0.895121951	820
72	DESeq2	72	158	28	0.313043478	0.72	0.436363636	0.686956522	230
72	ALDEx2	61	2	39	0.968253968	0.61	0.748466258	0.031746032	63
72	metaSeq	72	15	28	0.827586207	0.72	0.770053476	0.172413793	87
72	ADAPT	78	8	22	0.906976744	0.78	0.838709677	0.093023256	86
72	ANCOMBC2	43	327	57	0.116216216	0.43	0.182978723	0.883783784	370
72	MaAsLin3	42	14	58	0.75	0.42	0.538461538	0.25	56
72	Union	86	865	14	0.090431125	0.86	0.163653663	0.909568875	951
72	Vote_2of7	78	314	22	0.198979592	0.78	0.317073171	0.801020408	392
72	Vote_3of7	75	61	25	0.551470588	0.75	0.63559322	0.448529412	136
72	Vote_4of7	70	13	30	0.843373494	0.7	0.765027322	0.156626506	83
72	Vote_5of7	60	4	40	0.9375	0.6	0.731707317	0.0625	64
72	Vote_6of7	46	1	54	0.978723404	0.46	0.62585034	0.021276596	47
72	Intersect	39	0	61	1	0.39	0.561151079	0	39
72	Fisher	85	582	15	0.127436282	0.85	0.221642764	0.872563718	667
72	Stouffer	85	369	15	0.18722467	0.85	0.306859206	0.81277533	454
72	Cauchy	85	665	15	0.113333333	0.85	0.2	0.886666667	750
73	edgeR	81	851	19	0.086909871	0.81	0.156976744	0.913090129	932
73	DESeq2	68	173	32	0.282157676	0.68	0.398826979	0.717842324	241
73	ALDEx2	60	18	40	0.769230769	0.6	0.674157303	0.230769231	78
73	metaSeq	72	20	28	0.782608696	0.72	0.75	0.217391304	92
73	ADAPT	73	10	27	0.879518072	0.73	0.797814208	0.120481928	83
73	ANCOMBC2	39	371	61	0.095121951	0.39	0.152941176	0.904878049	410
73	MaAsLin3	40	28	60	0.588235294	0.4	0.476190476	0.411764706	68
73	Union	81	942	19	0.079178886	0.81	0.144256456	0.920821114	1023
73	Vote_2of7	73	373	27	0.16367713	0.73	0.267399267	0.83632287	446
73	Vote_3of7	73	113	27	0.392473118	0.73	0.51048951	0.607526882	186
73	Vote_4of7	68	26	32	0.723404255	0.68	0.701030928	0.276595745	94
73	Vote_5of7	60	10	40	0.857142857	0.6	0.705882353	0.142857143	70
73	Vote_6of7	44	6	56	0.88	0.44	0.586666667	0.12	50
73	Intersect	34	1	66	0.971428571	0.34	0.503703704	0.028571429	35
73	Fisher	81	671	19	0.107712766	0.81	0.190140845	0.892287234	752
73	Stouffer	78	439	22	0.150870406	0.78	0.252836305	0.849129594	517
73	Cauchy	80	749	20	0.096501809	0.8	0.172228202	0.903498191	829
74	edgeR	87	772	13	0.101280559	0.87	0.181438999	0.898719441	859
74	DESeq2	67	174	33	0.278008299	0.67	0.392961877	0.721991701	241
74	ALDEx2	57	3	43	0.95	0.57	0.7125	0.05	60
74	metaSeq	77	14	23	0.846153846	0.77	0.806282723	0.153846154	91
74	ADAPT	80	19	20	0.808080808	0.8	0.804020101	0.191919192	99
74	ANCOMBC2	38	313	62	0.108262108	0.38	0.168514412	0.891737892	351
74	MaAsLin3	36	5	64	0.87804878	0.36	0.510638298	0.12195122	41
74	Union	88	884	12	0.090534979	0.88	0.164179104	0.909465021	972
74	Vote_2of7	80	313	20	0.203562341	0.8	0.324543611	0.796437659	393
74	Vote_3of7	76	85	24	0.472049689	0.76	0.582375479	0.527950311	161
74	Vote_4of7	67	14	33	0.827160494	0.67	0.740331492	0.172839506	81
74	Vote_5of7	57	4	43	0.93442623	0.57	0.708074534	0.06557377	61
74	Vote_6of7	40	0	60	1	0.4	0.571428571	0	40
74	Intersect	34	0	66	1	0.34	0.507462687	0	34
74	Fisher	88	584	12	0.130952381	0.88	0.227979275	0.869047619	672
74	Stouffer	87	395	13	0.180497925	0.87	0.298969072	0.819502075	482
74	Cauchy	88	649	12	0.119402985	0.88	0.210274791	0.880597015	737
75	edgeR	75	956	25	0.072744908	0.75	0.132625995	0.927255092	1031
75	DESeq2	56	214	44	0.207407407	0.56	0.302702703	0.792592593	270
75	ALDEx2	49	11	51	0.816666667	0.49	0.6125	0.183333333	60
75	metaSeq	62	21	38	0.746987952	0.62	0.677595628	0.253012048	83
75	ADAPT	68	18	32	0.790697674	0.68	0.731182796	0.209302326	86
75	ANCOMBC2	29	357	71	0.075129534	0.29	0.119341564	0.924870466	386
75	MaAsLin3	32	30	68	0.516129032	0.32	0.395061728	0.483870968	62
75	Union	75	1027	25	0.068058076	0.75	0.124792013	0.931941924	1102
75	Vote_2of7	68	411	32	0.141962422	0.68	0.234887737	0.858037578	479
75	Vote_3of7	63	126	37	0.333333333	0.63	0.435986159	0.666666667	189
75	Vote_4of7	56	26	44	0.682926829	0.56	0.615384615	0.317073171	82
75	Vote_5of7	48	14	52	0.774193548	0.48	0.592592593	0.225806452	62
75	Vote_6of7	35	2	65	0.945945946	0.35	0.510948905	0.054054054	37
75	Intersect	26	1	74	0.962962963	0.26	0.409448819	0.037037037	27
75	Fisher	74	793	26	0.085351788	0.74	0.153050672	0.914648212	867
75	Stouffer	70	526	30	0.117449664	0.7	0.201149425	0.882550336	596
75	Cauchy	72	879	28	0.075709779	0.72	0.137012369	0.924290221	951
76	edgeR	75	643	25	0.104456825	0.75	0.183374083	0.895543175	718
76	DESeq2	62	94	38	0.397435897	0.62	0.484375	0.602564103	156
76	ALDEx2	50	0	50	1	0.5	0.666666667	0	50
76	metaSeq	68	9	32	0.883116883	0.68	0.768361582	0.116883117	77
76	ADAPT	70	8	30	0.897435897	0.7	0.786516854	0.102564103	78
76	ANCOMBC2	28	288	72	0.088607595	0.28	0.134615385	0.911392405	316
76	MaAsLin3	31	4	69	0.885714286	0.31	0.459259259	0.114285714	35
76	Union	75	806	25	0.085130533	0.75	0.152905199	0.914869467	881
76	Vote_2of7	70	200	30	0.259259259	0.7	0.378378378	0.740740741	270
76	Vote_3of7	69	33	31	0.676470588	0.69	0.683168317	0.323529412	102
76	Vote_4of7	62	6	38	0.911764706	0.62	0.738095238	0.088235294	68
76	Vote_5of7	49	1	51	0.98	0.49	0.653333333	0.02	50
76	Vote_6of7	32	0	68	1	0.32	0.484848485	0	32
76	Intersect	27	0	73	1	0.27	0.42519685	0	27
76	Fisher	75	505	25	0.129310345	0.75	0.220588235	0.870689655	580
76	Stouffer	74	320	26	0.187817259	0.74	0.299595142	0.812182741	394
76	Cauchy	75	581	25	0.114329268	0.75	0.198412698	0.885670732	656
77	edgeR	77	672	23	0.102803738	0.77	0.18138987	0.897196262	749
77	DESeq2	56	68	44	0.451612903	0.56	0.5	0.548387097	124
77	ALDEx2	42	0	58	1	0.42	0.591549296	0	42
77	metaSeq	66	6	34	0.916666667	0.66	0.76744186	0.083333333	72
77	ADAPT	68	8	32	0.894736842	0.68	0.772727273	0.105263158	76
77	ANCOMBC2	27	344	73	0.07277628	0.27	0.114649682	0.92722372	371
77	MaAsLin3	24	11	76	0.685714286	0.24	0.355555556	0.314285714	35
77	Union	77	842	23	0.083786725	0.77	0.151128557	0.916213275	919
77	Vote_2of7	68	213	32	0.241992883	0.68	0.356955381	0.758007117	281
77	Vote_3of7	66	43	34	0.605504587	0.66	0.631578947	0.394495413	109
77	Vote_4of7	56	8	44	0.875	0.56	0.682926829	0.125	64
77	Vote_5of7	42	3	58	0.933333333	0.42	0.579310345	0.066666667	45
77	Vote_6of7	27	0	73	1	0.27	0.42519685	0	27
77	Intersect	24	0	76	1	0.24	0.387096774	0	24
77	Fisher	75	516	25	0.126903553	0.75	0.2170767	0.873096447	591
77	Stouffer	74	333	26	0.181818182	0.74	0.291913215	0.818181818	407
77	Cauchy	75	590	25	0.112781955	0.75	0.196078431	0.887218045	665
78	edgeR	68	779	32	0.080283353	0.68	0.143611404	0.919716647	847
78	DESeq2	51	123	49	0.293103448	0.51	0.372262774	0.706896552	174
78	ALDEx2	44	0	56	1	0.44	0.611111111	0	44
78	metaSeq	61	9	39	0.871428571	0.61	0.717647059	0.128571429	70
78	ADAPT	61	3	39	0.953125	0.61	0.743902439	0.046875	64
78	ANCOMBC2	29	326	71	0.081690141	0.29	0.127472527	0.918309859	355
78	MaAsLin3	28	7	72	0.8	0.28	0.414814815	0.2	35
78	Union	69	894	31	0.07165109	0.69	0.129821261	0.92834891	963
78	Vote_2of7	62	287	38	0.17765043	0.62	0.276169265	0.82234957	349
78	Vote_3of7	60	56	40	0.517241379	0.6	0.555555556	0.482758621	116
78	Vote_4of7	51	7	49	0.879310345	0.51	0.64556962	0.120689655	58
78	Vote_5of7	43	3	57	0.934782609	0.43	0.589041096	0.065217391	46
78	Vote_6of7	30	0	70	1	0.3	0.461538462	0	30
78	Intersect	27	0	73	1	0.27	0.42519685	0	27
78	Fisher	66	626	34	0.095375723	0.66	0.166666667	0.904624277	692
78	Stouffer	66	390	34	0.144736842	0.66	0.237410072	0.855263158	456
78	Cauchy	67	674	33	0.090418354	0.67	0.159334126	0.909581646	741
79	edgeR	77	715	23	0.097222222	0.77	0.17264574	0.902777778	792
79	DESeq2	58	97	42	0.374193548	0.58	0.454901961	0.625806452	155
79	ALDEx2	50	0	50	1	0.5	0.666666667	0	50
79	metaSeq	71	9	29	0.8875	0.71	0.788888889	0.1125	80
79	ADAPT	67	9	33	0.881578947	0.67	0.761363636	0.118421053	76
79	ANCOMBC2	30	330	70	0.083333333	0.3	0.130434783	0.916666667	360
79	MaAsLin3	29	8	71	0.783783784	0.29	0.423357664	0.216216216	37
79	Union	79	852	21	0.084854995	0.79	0.153249273	0.915145005	931
79	Vote_2of7	71	253	29	0.219135802	0.71	0.33490566	0.780864198	324
79	Vote_3of7	67	47	33	0.587719298	0.67	0.626168224	0.412280702	114
79	Vote_4of7	57	10	43	0.850746269	0.57	0.682634731	0.149253731	67
79	Vote_5of7	49	5	51	0.907407407	0.49	0.636363636	0.092592593	54
79	Vote_6of7	35	1	65	0.972222222	0.35	0.514705882	0.027777778	36
79	Intersect	24	0	76	1	0.24	0.387096774	0	24
79	Fisher	76	532	24	0.125	0.76	0.214689266	0.875	608
79	Stouffer	75	379	25	0.165198238	0.75	0.270758123	0.834801762	454
79	Cauchy	76	621	24	0.109038737	0.76	0.190715182	0.890961263	697
80	edgeR	77	793	23	0.088505747	0.77	0.158762887	0.911494253	870
80	DESeq2	60	130	40	0.315789474	0.6	0.413793103	0.684210526	190
80	ALDEx2	53	2	47	0.963636364	0.53	0.683870968	0.036363636	55
80	metaSeq	65	14	35	0.82278481	0.65	0.726256983	0.17721519	79
80	ADAPT	68	10	32	0.871794872	0.68	0.764044944	0.128205128	78
80	ANCOMBC2	37	326	63	0.101928375	0.37	0.159827214	0.898071625	363
80	MaAsLin3	36	10	64	0.782608696	0.36	0.493150685	0.217391304	46
80	Union	77	923	23	0.077	0.77	0.14	0.923	1000
80	Vote_2of7	68	288	32	0.191011236	0.68	0.298245614	0.808988764	356
80	Vote_3of7	67	54	33	0.553719008	0.67	0.606334842	0.446280992	121
80	Vote_4of7	61	13	39	0.824324324	0.61	0.701149425	0.175675676	74
80	Vote_5of7	53	5	47	0.913793103	0.53	0.670886076	0.086206897	58
80	Vote_6of7	37	1	63	0.973684211	0.37	0.536231884	0.026315789	38
80	Intersect	33	1	67	0.970588235	0.33	0.492537313	0.029411765	34
80	Fisher	75	598	25	0.111441308	0.75	0.194049159	0.888558692	673
80	Stouffer	72	393	28	0.15483871	0.72	0.254867257	0.84516129	465
80	Cauchy	75	683	25	0.098944591	0.75	0.174825175	0.901055409	758
81	edgeR	81	670	19	0.107856192	0.81	0.190364277	0.892143808	751
81	DESeq2	70	102	30	0.406976744	0.7	0.514705882	0.593023256	172
81	ALDEx2	59	0	41	1	0.59	0.742138365	0	59
81	metaSeq	75	3	25	0.961538462	0.75	0.842696629	0.038461538	78
81	ADAPT	78	2	22	0.975	0.78	0.866666667	0.025	80
81	ANCOMBC2	43	342	57	0.111688312	0.43	0.177319588	0.888311688	385
81	MaAsLin3	34	8	66	0.80952381	0.34	0.478873239	0.19047619	42
81	Union	82	805	18	0.092446449	0.82	0.166160081	0.907553551	887
81	Vote_2of7	79	266	21	0.228985507	0.79	0.35505618	0.771014493	345
81	Vote_3of7	73	53	27	0.579365079	0.73	0.646017699	0.420634921	126
81	Vote_4of7	70	3	30	0.95890411	0.7	0.809248555	0.04109589	73
81	Vote_5of7	59	0	41	1	0.59	0.742138365	0	59
81	Vote_6of7	44	0	56	1	0.44	0.611111111	0	44
81	Intersect	33	0	67	1	0.33	0.496240602	0	33
81	Fisher	80	542	20	0.128617363	0.8	0.221606648	0.871382637	622
81	Stouffer	79	370	21	0.175946548	0.79	0.287795993	0.824053452	449
81	Cauchy	81	607	19	0.117732558	0.81	0.205583756	0.882267442	688
82	edgeR	75	762	25	0.089605735	0.75	0.160085379	0.910394265	837
82	DESeq2	63	145	37	0.302884615	0.63	0.409090909	0.697115385	208
82	ALDEx2	59	1	41	0.983333333	0.59	0.7375	0.016666667	60
82	metaSeq	69	17	31	0.802325581	0.69	0.741935484	0.197674419	86
82	ADAPT	69	8	31	0.896103896	0.69	0.779661017	0.103896104	77
82	MaAsLin3	37	7	63	0.840909091	0.37	0.513888889	0.159090909	44
82	Union	76	779	24	0.088888889	0.76	0.159162304	0.911111111	855
82	Vote_2of6	70	139	30	0.33492823	0.7	0.453074434	0.66507177	209
82	Vote_3of6	67	15	33	0.817073171	0.67	0.736263736	0.182926829	82
82	Vote_4of6	63	6	37	0.913043478	0.63	0.74556213	0.086956522	69
82	Vote_5of6	59	1	41	0.983333333	0.59	0.7375	0.016666667	60
82	Intersect	37	0	63	1	0.37	0.540145985	0	37
82	Fisher	74	481	26	0.133333333	0.74	0.225954198	0.866666667	555
82	Stouffer	74	311	26	0.192207792	0.74	0.305154639	0.807792208	385
82	Cauchy	74	566	26	0.115625	0.74	0.2	0.884375	640
83	edgeR	77	699	23	0.099226804	0.77	0.175799087	0.900773196	776
83	DESeq2	58	107	42	0.351515152	0.58	0.437735849	0.648484848	165
83	ALDEx2	53	1	47	0.981481481	0.53	0.688311688	0.018518519	54
83	metaSeq	70	13	30	0.843373494	0.7	0.765027322	0.156626506	83
83	ADAPT	69	8	31	0.896103896	0.69	0.779661017	0.103896104	77
83	ANCOMBC2	31	316	69	0.089337176	0.31	0.138702461	0.910662824	347
83	MaAsLin3	31	7	69	0.815789474	0.31	0.449275362	0.184210526	38
83	Union	78	841	22	0.084874864	0.78	0.153091266	0.915125136	919
83	Vote_2of7	70	250	30	0.21875	0.7	0.333333333	0.78125	320
83	Vote_3of7	68	44	32	0.607142857	0.68	0.641509434	0.392857143	112
83	Vote_4of7	58	11	42	0.84057971	0.58	0.686390533	0.15942029	69
83	Vote_5of7	53	3	47	0.946428571	0.53	0.679487179	0.053571429	56
83	Vote_6of7	36	1	64	0.972972973	0.36	0.525547445	0.027027027	37
83	Intersect	26	1	74	0.962962963	0.26	0.409448819	0.037037037	27
83	Fisher	77	561	23	0.120689655	0.77	0.208672087	0.879310345	638
83	Stouffer	75	384	25	0.163398693	0.75	0.268336315	0.836601307	459
83	Cauchy	77	621	23	0.110315186	0.77	0.192982456	0.889684814	698
84	edgeR	83	870	17	0.087093389	0.83	0.157644824	0.912906611	953
84	DESeq2	69	219	31	0.239583333	0.69	0.355670103	0.760416667	288
84	ALDEx2	61	38	39	0.616161616	0.61	0.613065327	0.383838384	99
84	metaSeq	70	23	30	0.752688172	0.7	0.725388601	0.247311828	93
84	ADAPT	77	17	23	0.819148936	0.77	0.793814433	0.180851064	94
84	ANCOMBC2	40	303	60	0.116618076	0.4	0.180586907	0.883381924	343
84	MaAsLin3	43	42	57	0.505882353	0.43	0.464864865	0.494117647	85
84	Union	83	956	17	0.079884504	0.83	0.145741879	0.920115496	1039
84	Vote_2of7	77	381	23	0.168122271	0.77	0.275985663	0.831877729	458
84	Vote_3of7	75	109	25	0.407608696	0.75	0.528169014	0.592391304	184
84	Vote_4of7	68	37	32	0.647619048	0.68	0.663414634	0.352380952	105
84	Vote_5of7	58	19	42	0.753246753	0.58	0.655367232	0.246753247	77
84	Vote_6of7	44	10	56	0.814814815	0.44	0.571428571	0.185185185	54
84	Intersect	38	0	62	1	0.38	0.550724638	0	38
84	Fisher	82	730	18	0.100985222	0.82	0.179824561	0.899014778	812
84	Stouffer	80	515	20	0.134453782	0.8	0.230215827	0.865546218	595
84	Cauchy	83	797	17	0.094318182	0.83	0.169387755	0.905681818	880
85	edgeR	86	793	14	0.097838453	0.86	0.175689479	0.902161547	879
85	DESeq2	64	114	36	0.359550562	0.64	0.460431655	0.640449438	178
85	ALDEx2	57	2	43	0.966101695	0.57	0.716981132	0.033898305	59
85	metaSeq	77	18	23	0.810526316	0.77	0.78974359	0.189473684	95
85	ADAPT	77	15	23	0.836956522	0.77	0.802083333	0.163043478	92
85	ANCOMBC2	36	329	64	0.098630137	0.36	0.15483871	0.901369863	365
85	MaAsLin3	31	7	69	0.815789474	0.31	0.449275362	0.184210526	38
85	Union	87	899	13	0.088235294	0.87	0.160220994	0.911764706	986
85	Vote_2of7	79	291	21	0.213513514	0.79	0.336170213	0.786486486	370
85	Vote_3of7	75	67	25	0.528169014	0.75	0.619834711	0.471830986	142
85	Vote_4of7	63	15	37	0.807692308	0.63	0.707865169	0.192307692	78
85	Vote_5of7	57	6	43	0.904761905	0.57	0.699386503	0.095238095	63
85	Vote_6of7	37	0	63	1	0.37	0.540145985	0	37
85	Intersect	30	0	70	1	0.3	0.461538462	0	30
85	Fisher	87	576	13	0.131221719	0.87	0.228047182	0.868778281	663
85	Stouffer	85	419	15	0.168650794	0.85	0.281456954	0.831349206	504
85	Cauchy	87	655	13	0.117250674	0.87	0.206650831	0.882749326	742
86	edgeR	82	686	18	0.106770833	0.82	0.188940092	0.893229167	768
86	DESeq2	69	138	31	0.333333333	0.69	0.449511401	0.666666667	207
86	ALDEx2	62	1	38	0.984126984	0.62	0.760736196	0.015873016	63
86	metaSeq	75	19	25	0.79787234	0.75	0.773195876	0.20212766	94
86	ADAPT	75	10	25	0.882352941	0.75	0.810810811	0.117647059	85
86	ANCOMBC2	38	315	62	0.107648725	0.38	0.167770419	0.892351275	353
86	MaAsLin3	36	6	64	0.857142857	0.36	0.507042254	0.142857143	42
86	Union	82	815	18	0.091415831	0.82	0.16449348	0.908584169	897
86	Vote_2of7	75	277	25	0.213068182	0.75	0.331858407	0.786931818	352
86	Vote_3of7	75	64	25	0.539568345	0.75	0.627615063	0.460431655	139
86	Vote_4of7	69	14	31	0.831325301	0.69	0.754098361	0.168674699	83
86	Vote_5of7	62	4	38	0.939393939	0.62	0.746987952	0.060606061	66
86	Vote_6of7	41	1	59	0.976190476	0.41	0.577464789	0.023809524	42
86	Intersect	33	0	67	1	0.33	0.496240602	0	33
86	Fisher	79	547	21	0.126198083	0.79	0.217630854	0.873801917	626
86	Stouffer	77	382	23	0.167755991	0.77	0.27549195	0.832244009	459
86	Cauchy	78	612	22	0.113043478	0.78	0.197468354	0.886956522	690
87	edgeR	79	818	21	0.088071349	0.79	0.158475426	0.911928651	897
87	DESeq2	58	173	42	0.251082251	0.58	0.350453172	0.748917749	231
87	ALDEx2	52	2	48	0.962962963	0.52	0.675324675	0.037037037	54
87	metaSeq	70	12	30	0.853658537	0.7	0.769230769	0.146341463	82
87	ADAPT	72	8	28	0.9	0.72	0.8	0.1	80
87	ANCOMBC2	38	320	62	0.106145251	0.38	0.165938865	0.893854749	358
87	MaAsLin3	39	9	61	0.8125	0.39	0.527027027	0.1875	48
87	Union	79	905	21	0.080284553	0.79	0.145756458	0.919715447	984
87	Vote_2of7	73	336	27	0.178484108	0.73	0.286836935	0.821515892	409
87	Vote_3of7	70	83	30	0.45751634	0.7	0.553359684	0.54248366	153
87	Vote_4of7	57	12	43	0.826086957	0.57	0.674556213	0.173913043	69
87	Vote_5of7	52	5	48	0.912280702	0.52	0.662420382	0.087719298	57
87	Vote_6of7	42	1	58	0.976744186	0.42	0.587412587	0.023255814	43
87	Intersect	35	0	65	1	0.35	0.518518519	0	35
87	Fisher	77	637	23	0.107843137	0.77	0.189189189	0.892156863	714
87	Stouffer	76	416	24	0.154471545	0.76	0.256756757	0.845528455	492
87	Cauchy	78	702	22	0.1	0.78	0.177272727	0.9	780
88	edgeR	79	701	21	0.101282051	0.79	0.179545455	0.898717949	780
88	DESeq2	59	101	41	0.36875	0.59	0.453846154	0.63125	160
88	ALDEx2	52	0	48	1	0.52	0.684210526	0	52
88	metaSeq	65	15	35	0.8125	0.65	0.722222222	0.1875	80
88	ADAPT	65	10	35	0.866666667	0.65	0.742857143	0.133333333	75
88	ANCOMBC2	29	347	71	0.07712766	0.29	0.121848739	0.92287234	376
88	MaAsLin3	37	12	63	0.755102041	0.37	0.496644295	0.244897959	49
88	Union	81	836	19	0.088331516	0.81	0.159292035	0.911668484	917
88	Vote_2of7	67	269	33	0.199404762	0.67	0.30733945	0.800595238	336
88	Vote_3of7	63	62	37	0.504	0.63	0.56	0.496	125
88	Vote_4of7	58	13	42	0.816901408	0.58	0.678362573	0.183098592	71
88	Vote_5of7	51	6	49	0.894736842	0.51	0.649681529	0.105263158	57
88	Vote_6of7	40	0	60	1	0.4	0.571428571	0	40
88	Intersect	26	0	74	1	0.26	0.412698413	0	26
88	Fisher	79	541	21	0.127419355	0.79	0.219444444	0.872580645	620
88	Stouffer	76	346	24	0.180094787	0.76	0.291187739	0.819905213	422
88	Cauchy	79	596	21	0.117037037	0.79	0.203870968	0.882962963	675
89	edgeR	81	765	19	0.095744681	0.81	0.171247357	0.904255319	846
89	DESeq2	69	130	31	0.346733668	0.69	0.461538462	0.653266332	199
89	ALDEx2	60	3	40	0.952380952	0.6	0.736196319	0.047619048	63
89	metaSeq	76	10	24	0.88372093	0.76	0.817204301	0.11627907	86
89	ADAPT	76	9	24	0.894117647	0.76	0.821621622	0.105882353	85
89	ANCOMBC2	38	319	62	0.106442577	0.38	0.166301969	0.893557423	357
89	MaAsLin3	37	3	63	0.925	0.37	0.528571429	0.075	40
89	Union	82	909	18	0.082744702	0.82	0.150320807	0.917255298	991
89	Vote_2of7	76	278	24	0.214689266	0.76	0.334801762	0.785310734	354
89	Vote_3of7	75	45	25	0.625	0.75	0.681818182	0.375	120
89	Vote_4of7	69	6	31	0.92	0.69	0.788571429	0.08	75
89	Vote_5of7	60	1	40	0.983606557	0.6	0.745341615	0.016393443	61
89	Vote_6of7	41	0	59	1	0.41	0.581560284	0	41
89	Intersect	34	0	66	1	0.34	0.507462687	0	34
89	Fisher	79	599	21	0.116519174	0.79	0.203084833	0.883480826	678
89	Stouffer	76	402	24	0.158995816	0.76	0.262975779	0.841004184	478
89	Cauchy	80	673	20	0.1062417	0.8	0.187573271	0.8937583	753
90	edgeR	80	631	20	0.112517581	0.8	0.1972873	0.887482419	711
90	DESeq2	64	70	36	0.47761194	0.64	0.547008547	0.52238806	134
90	ALDEx2	59	0	41	1	0.59	0.742138365	0	59
90	metaSeq	68	4	32	0.944444444	0.68	0.790697674	0.055555556	72
90	ADAPT	69	4	31	0.945205479	0.69	0.797687861	0.054794521	73
90	ANCOMBC2	34	336	66	0.091891892	0.34	0.144680851	0.908108108	370
90	MaAsLin3	33	0	67	1	0.33	0.496240602	0	33
90	Union	80	788	20	0.092165899	0.8	0.165289256	0.907834101	868
90	Vote_2of7	69	228	31	0.232323232	0.69	0.347607053	0.767676768	297
90	Vote_3of7	68	27	32	0.715789474	0.68	0.697435897	0.284210526	95
90	Vote_4of7	64	1	36	0.984615385	0.64	0.775757576	0.015384615	65
90	Vote_5of7	59	1	41	0.983333333	0.59	0.7375	0.016666667	60
90	Vote_6of7	38	0	62	1	0.38	0.550724638	0	38
90	Intersect	29	0	71	1	0.29	0.449612403	0	29
90	Fisher	78	491	22	0.137082601	0.78	0.233183857	0.862917399	569
90	Stouffer	76	339	24	0.18313253	0.76	0.295145631	0.81686747	415
90	Cauchy	79	541	21	0.127419355	0.79	0.219444444	0.872580645	620
91	edgeR	84	744	16	0.101449275	0.84	0.181034483	0.898550725	828
91	DESeq2	68	117	32	0.367567568	0.68	0.477192982	0.632432432	185
91	ALDEx2	63	5	37	0.926470588	0.63	0.75	0.073529412	68
91	metaSeq	78	27	22	0.742857143	0.78	0.76097561	0.257142857	105
91	ADAPT	76	10	24	0.88372093	0.76	0.817204301	0.11627907	86
91	ANCOMBC2	43	331	57	0.114973262	0.43	0.181434599	0.885026738	374
91	MaAsLin3	35	12	65	0.744680851	0.35	0.476190476	0.255319149	47
91	Union	86	878	14	0.089211618	0.86	0.161654135	0.910788382	964
91	Vote_2of7	78	279	22	0.218487395	0.78	0.341356674	0.781512605	357
91	Vote_3of7	76	56	24	0.575757576	0.76	0.655172414	0.424242424	132
91	Vote_4of7	68	23	32	0.747252747	0.68	0.712041885	0.252747253	91
91	Vote_5of7	62	8	38	0.885714286	0.62	0.729411765	0.114285714	70
91	Vote_6of7	45	2	55	0.957446809	0.45	0.612244898	0.042553191	47
91	Intersect	32	0	68	1	0.32	0.484848485	0	32
91	Fisher	84	615	16	0.120171674	0.84	0.210262829	0.879828326	699
91	Stouffer	81	416	19	0.162977867	0.81	0.271356784	0.837022133	497
91	Cauchy	85	666	15	0.113182423	0.85	0.199764982	0.886817577	751
92	edgeR	73	802	27	0.083428571	0.73	0.14974359	0.916571429	875
92	DESeq2	64	142	36	0.310679612	0.64	0.418300654	0.689320388	206
92	ALDEx2	56	7	44	0.888888889	0.56	0.687116564	0.111111111	63
92	metaSeq	68	18	32	0.790697674	0.68	0.731182796	0.209302326	86
92	ADAPT	67	6	33	0.917808219	0.67	0.774566474	0.082191781	73
92	ANCOMBC2	40	300	60	0.117647059	0.4	0.181818182	0.882352941	340
92	MaAsLin3	38	9	62	0.808510638	0.38	0.517006803	0.191489362	47
92	Union	76	932	24	0.075396825	0.76	0.137184116	0.924603175	1008
92	Vote_2of7	67	273	33	0.197058824	0.67	0.304545455	0.802941176	340
92	Vote_3of7	66	58	34	0.532258065	0.66	0.589285714	0.467741935	124
92	Vote_4of7	64	14	36	0.820512821	0.64	0.719101124	0.179487179	78
92	Vote_5of7	57	6	43	0.904761905	0.57	0.699386503	0.095238095	63
92	Vote_6of7	43	1	57	0.977272727	0.43	0.597222222	0.022727273	44
92	Intersect	33	0	67	1	0.33	0.496240602	0	33
92	Fisher	74	653	26	0.101788171	0.74	0.178960097	0.898211829	727
92	Stouffer	74	415	26	0.151329243	0.74	0.251273345	0.848670757	489
92	Cauchy	76	708	24	0.096938776	0.76	0.171945701	0.903061224	784
93	edgeR	75	760	25	0.089820359	0.75	0.160427807	0.910179641	835
93	DESeq2	58	141	42	0.291457286	0.58	0.387959866	0.708542714	199
93	ALDEx2	46	0	54	1	0.46	0.630136986	0	46
93	metaSeq	67	11	33	0.858974359	0.67	0.752808989	0.141025641	78
93	ADAPT	67	18	33	0.788235294	0.67	0.724324324	0.211764706	85
93	ANCOMBC2	33	324	67	0.092436975	0.33	0.144420131	0.907563025	357
93	MaAsLin3	28	8	72	0.777777778	0.28	0.411764706	0.222222222	36
93	Union	76	903	24	0.077630235	0.76	0.140871177	0.922369765	979
93	Vote_2of7	67	288	33	0.188732394	0.67	0.294505495	0.811267606	355
93	Vote_3of7	66	62	34	0.515625	0.66	0.578947368	0.484375	128
93	Vote_4of7	58	8	42	0.878787879	0.58	0.698795181	0.121212121	66
93	Vote_5of7	46	1	54	0.978723404	0.46	0.62585034	0.021276596	47
93	Vote_6of7	34	0	66	1	0.34	0.507462687	0	34
93	Intersect	27	0	73	1	0.27	0.42519685	0	27
93	Fisher	74	555	26	0.117647059	0.74	0.203017833	0.882352941	629
93	Stouffer	71	352	29	0.1678487	0.71	0.271510516	0.8321513	423
93	Cauchy	74	646	26	0.102777778	0.74	0.180487805	0.897222222	720
94	edgeR	73	609	27	0.107038123	0.73	0.186700767	0.892961877	682
94	DESeq2	61	68	39	0.472868217	0.61	0.532751092	0.527131783	129
94	ALDEx2	52	0	48	1	0.52	0.684210526	0	52
94	metaSeq	73	6	27	0.924050633	0.73	0.815642458	0.075949367	79
94	ADAPT	71	11	29	0.865853659	0.71	0.78021978	0.134146341	82
94	ANCOMBC2	26	308	74	0.077844311	0.26	0.119815668	0.922155689	334
94	MaAsLin3	26	7	74	0.787878788	0.26	0.390977444	0.212121212	33
94	Union	76	765	24	0.090368609	0.76	0.161530287	0.909631391	841
94	Vote_2of7	71	207	29	0.255395683	0.71	0.375661376	0.744604317	278
94	Vote_3of7	70	33	30	0.67961165	0.7	0.689655172	0.32038835	103
94	Vote_4of7	61	3	39	0.953125	0.61	0.743902439	0.046875	64
94	Vote_5of7	52	1	48	0.981132075	0.52	0.679738562	0.018867925	53
94	Vote_6of7	29	0	71	1	0.29	0.449612403	0	29
94	Intersect	23	0	77	1	0.23	0.37398374	0	23
94	Fisher	74	487	26	0.131907308	0.74	0.223903177	0.868092692	561
94	Stouffer	73	316	27	0.187660668	0.73	0.298568507	0.812339332	389
94	Cauchy	76	561	24	0.119309262	0.76	0.20624152	0.880690738	637
95	edgeR	84	826	16	0.092307692	0.84	0.166336634	0.907692308	910
95	DESeq2	66	171	34	0.278481013	0.66	0.391691395	0.721518987	237
95	ALDEx2	61	3	39	0.953125	0.61	0.743902439	0.046875	64
95	metaSeq	76	21	24	0.783505155	0.76	0.771573604	0.216494845	97
95	ADAPT	78	7	22	0.917647059	0.78	0.843243243	0.082352941	85
95	ANCOMBC2	36	370	64	0.088669951	0.36	0.14229249	0.911330049	406
95	MaAsLin3	38	13	62	0.745098039	0.38	0.503311258	0.254901961	51
95	Union	85	932	15	0.083579154	0.85	0.152193375	0.916420846	1017
95	Vote_2of7	78	354	22	0.180555556	0.78	0.293233083	0.819444444	432
95	Vote_3of7	75	95	25	0.441176471	0.75	0.555555556	0.558823529	170
95	Vote_4of7	66	17	34	0.795180723	0.66	0.721311475	0.204819277	83
95	Vote_5of7	61	10	39	0.85915493	0.61	0.713450292	0.14084507	71
95	Vote_6of7	40	3	60	0.930232558	0.4	0.559440559	0.069767442	43
95	Intersect	34	0	66	1	0.34	0.507462687	0	34
95	Fisher	85	646	15	0.11627907	0.85	0.204572804	0.88372093	731
95	Stouffer	83	439	17	0.159003831	0.83	0.266881029	0.840996169	522
95	Cauchy	85	712	15	0.106649937	0.85	0.189520624	0.893350063	797
96	edgeR	77	762	23	0.091775924	0.77	0.16400426	0.908224076	839
96	DESeq2	66	164	34	0.286956522	0.66	0.4	0.713043478	230
96	ALDEx2	58	3	42	0.950819672	0.58	0.720496894	0.049180328	61
96	metaSeq	78	40	22	0.661016949	0.78	0.71559633	0.338983051	118
96	ADAPT	77	7	23	0.916666667	0.77	0.836956522	0.083333333	84
96	ANCOMBC2	47	348	53	0.118987342	0.47	0.18989899	0.881012658	395
96	MaAsLin3	43	9	57	0.826923077	0.43	0.565789474	0.173076923	52
96	Union	79	903	21	0.080448065	0.79	0.146025878	0.919551935	982
96	Vote_2of7	77	321	23	0.193467337	0.77	0.309236948	0.806532663	398
96	Vote_3of7	76	73	24	0.510067114	0.76	0.610441767	0.489932886	149
96	Vote_4of7	66	28	34	0.70212766	0.66	0.680412371	0.29787234	94
96	Vote_5of7	58	7	42	0.892307692	0.58	0.703030303	0.107692308	65
96	Vote_6of7	49	1	51	0.98	0.49	0.653333333	0.02	50
96	Intersect	41	0	59	1	0.41	0.581560284	0	41
96	Fisher	78	618	22	0.112068966	0.78	0.195979899	0.887931034	696
96	Stouffer	77	465	23	0.142066421	0.77	0.239875389	0.857933579	542
96	Cauchy	79	666	21	0.106040268	0.79	0.186982249	0.893959732	745
97	edgeR	77	717	23	0.09697733	0.77	0.172259508	0.90302267	794
97	DESeq2	63	99	37	0.388888889	0.63	0.480916031	0.611111111	162
97	ALDEx2	55	0	45	1	0.55	0.709677419	0	55
97	metaSeq	69	14	31	0.831325301	0.69	0.754098361	0.168674699	83
97	ADAPT	69	9	31	0.884615385	0.69	0.775280899	0.115384615	78
97	ANCOMBC2	36	329	64	0.098630137	0.36	0.15483871	0.901369863	365
97	MaAsLin3	33	9	67	0.785714286	0.33	0.464788732	0.214285714	42
97	Union	77	862	23	0.08200213	0.77	0.148219442	0.91799787	939
97	Vote_2of7	69	264	31	0.207207207	0.69	0.318706697	0.792792793	333
97	Vote_3of7	69	42	31	0.621621622	0.69	0.654028436	0.378378378	111
97	Vote_4of7	63	8	37	0.887323944	0.63	0.736842105	0.112676056	71
97	Vote_5of7	56	1	44	0.98245614	0.56	0.713375796	0.01754386	57
97	Vote_6of7	38	0	62	1	0.38	0.550724638	0	38
97	Intersect	30	0	70	1	0.3	0.461538462	0	30
97	Fisher	76	567	24	0.118195956	0.76	0.204576043	0.881804044	643
97	Stouffer	74	392	26	0.158798283	0.74	0.261484099	0.841201717	466
97	Cauchy	75	636	25	0.105485232	0.75	0.184956843	0.894514768	711
98	edgeR	75	743	25	0.091687042	0.75	0.163398693	0.908312958	818
98	DESeq2	63	90	37	0.411764706	0.63	0.498023715	0.588235294	153
98	ALDEx2	58	6	42	0.90625	0.58	0.707317073	0.09375	64
98	metaSeq	68	11	32	0.860759494	0.68	0.759776536	0.139240506	79
98	ADAPT	66	7	34	0.904109589	0.66	0.76300578	0.095890411	73
98	ANCOMBC2	27	355	73	0.070680628	0.27	0.112033195	0.929319372	382
98	MaAsLin3	26	13	74	0.666666667	0.26	0.374100719	0.333333333	39
98	Union	75	885	25	0.078125	0.75	0.141509434	0.921875	960
98	Vote_2of7	70	256	30	0.214723926	0.7	0.328638498	0.785276074	326
98	Vote_3of7	66	59	34	0.528	0.66	0.586666667	0.472	125
98	Vote_4of7	63	14	37	0.818181818	0.63	0.711864407	0.181818182	77
98	Vote_5of7	56	8	44	0.875	0.56	0.682926829	0.125	64
98	Vote_6of7	32	3	68	0.914285714	0.32	0.474074074	0.085714286	35
98	Intersect	21	0	79	1	0.21	0.347107438	0	21
98	Fisher	75	567	25	0.11682243	0.75	0.202156334	0.88317757	642
98	Stouffer	73	416	27	0.149284254	0.73	0.247877759	0.850715746	489
98	Cauchy	75	641	25	0.104748603	0.75	0.183823529	0.895251397	716
99	edgeR	81	729	19	0.1	0.81	0.178021978	0.9	810
99	DESeq2	67	162	33	0.292576419	0.67	0.407294833	0.707423581	229
99	ALDEx2	57	2	43	0.966101695	0.57	0.716981132	0.033898305	59
99	metaSeq	73	19	27	0.793478261	0.73	0.760416667	0.206521739	92
99	ADAPT	75	6	25	0.925925926	0.75	0.828729282	0.074074074	81
99	ANCOMBC2	37	283	63	0.115625	0.37	0.176190476	0.884375	320
99	MaAsLin3	39	13	61	0.75	0.39	0.513157895	0.25	52
99	Union	81	841	19	0.087852495	0.81	0.15851272	0.912147505	922
99	Vote_2of7	75	286	25	0.207756233	0.75	0.32537961	0.792243767	361
99	Vote_3of7	73	63	27	0.536764706	0.73	0.618644068	0.463235294	136
99	Vote_4of7	67	14	33	0.827160494	0.67	0.740331492	0.172839506	81
99	Vote_5of7	57	8	43	0.876923077	0.57	0.690909091	0.123076923	65
99	Vote_6of7	43	1	57	0.977272727	0.43	0.597222222	0.022727273	44
99	Intersect	33	1	67	0.970588235	0.33	0.492537313	0.029411765	34
99	Fisher	79	559	21	0.123824451	0.79	0.214092141	0.876175549	638
99	Stouffer	78	373	22	0.172949002	0.78	0.283121597	0.827050998	451
99	Cauchy	79	620	21	0.113018598	0.79	0.197747184	0.886981402	699
100	edgeR	75	668	25	0.100942127	0.75	0.177935943	0.899057873	743
100	DESeq2	64	141	36	0.312195122	0.64	0.419672131	0.687804878	205
100	ALDEx2	54	0	46	1	0.54	0.701298701	0	54
100	metaSeq	69	12	31	0.851851852	0.69	0.762430939	0.148148148	81
100	ADAPT	73	6	27	0.924050633	0.73	0.815642458	0.075949367	79
100	ANCOMBC2	32	319	68	0.091168091	0.32	0.141906874	0.908831909	351
100	MaAsLin3	31	7	69	0.815789474	0.31	0.449275362	0.184210526	38
100	Union	75	820	25	0.083798883	0.75	0.150753769	0.916201117	895
100	Vote_2of7	73	265	27	0.215976331	0.73	0.333333333	0.784023669	338
100	Vote_3of7	70	54	30	0.564516129	0.7	0.625	0.435483871	124
100	Vote_4of7	64	11	36	0.853333333	0.64	0.731428571	0.146666667	75
100	Vote_5of7	53	3	47	0.946428571	0.53	0.679487179	0.053571429	56
100	Vote_6of7	35	0	65	1	0.35	0.518518519	0	35
100	Intersect	28	0	72	1	0.28	0.4375	0	28
100	Fisher	74	524	26	0.123745819	0.74	0.212034384	0.876254181	598
100	Stouffer	74	351	26	0.174117647	0.74	0.281904762	0.825882353	425
100	Cauchy	74	592	26	0.111111111	0.74	0.193211488	0.888888889	666
