n_ind	rep	grp	method	n_called	TP	FP	FN	FDR	power	precision	F1
100	1	Individual tool	edgeR	126	31	95	19	0.753968253968254	0.62	0.246031746031746	0.352272727272727
100	1	Individual tool	DESeq2	28	22	6	28	0.214285714285714	0.44	0.785714285714286	0.564102564102564
100	1	Individual tool	ALDEx2	15	15	0	35	0	0.3	1	0.461538461538462
100	1	Individual tool	metaSeq	30	23	7	27	0.233333333333333	0.46	0.766666666666667	0.575
100	1	Individual tool	ADAPT	25	25	0	25	0	0.5	1	0.666666666666667
100	1	Individual tool	ANCOMBC2	79	10	69	40	0.873417721518987	0.2	0.126582278481013	0.155038759689922
100	1	Individual tool	MaAsLin3	9	9	0	41	0	0.18	1	0.305084745762712
100	1	Consensus rule	Union (1 of 7)	171	34	137	16	0.801169590643275	0.68	0.198830409356725	0.307692307692308
100	1	Consensus rule	2 of 7	62	27	35	23	0.564516129032258	0.54	0.435483870967742	0.482142857142857
100	1	Consensus rule	3 of 7	26	23	3	27	0.115384615384615	0.46	0.884615384615385	0.605263157894737
100	1	Consensus rule	4 of 7	23	21	2	29	0.0869565217391304	0.42	0.91304347826087	0.575342465753425
100	1	Consensus rule	5 of 7	14	14	0	36	0	0.28	1	0.4375
100	1	Consensus rule	6 of 7	10	10	0	40	0	0.2	1	0.333333333333333
100	1	Consensus rule	Intersect (7 of 7)	6	6	0	44	0	0.12	1	0.214285714285714
100	2	Individual tool	edgeR	156	35	121	15	0.775641025641026	0.7	0.224358974358974	0.339805825242718
100	2	Individual tool	DESeq2	44	25	19	25	0.431818181818182	0.5	0.568181818181818	0.531914893617021
100	2	Individual tool	ALDEx2	21	21	0	29	0	0.42	1	0.591549295774648
100	2	Individual tool	metaSeq	27	24	3	26	0.111111111111111	0.48	0.888888888888889	0.623376623376623
100	2	Individual tool	ADAPT	24	24	0	26	0	0.48	1	0.648648648648649
100	2	Individual tool	ANCOMBC2	66	24	42	26	0.636363636363636	0.48	0.363636363636364	0.413793103448276
100	2	Individual tool	MaAsLin3	15	15	0	35	0	0.3	1	0.461538461538462
100	2	Consensus rule	Union (1 of 7)	186	36	150	14	0.806451612903226	0.72	0.193548387096774	0.305084745762712
100	2	Consensus rule	2 of 7	59	29	30	21	0.508474576271186	0.58	0.491525423728814	0.532110091743119
100	2	Consensus rule	3 of 7	30	25	5	25	0.166666666666667	0.5	0.833333333333333	0.625
100	2	Consensus rule	4 of 7	24	24	0	26	0	0.48	1	0.648648648648649
100	2	Consensus rule	5 of 7	22	22	0	28	0	0.44	1	0.611111111111111
100	2	Consensus rule	6 of 7	19	19	0	31	0	0.38	1	0.550724637681159
100	2	Consensus rule	Intersect (7 of 7)	13	13	0	37	0	0.26	1	0.412698412698413
100	3	Individual tool	edgeR	199	29	170	21	0.85427135678392	0.58	0.14572864321608	0.232931726907631
100	3	Individual tool	DESeq2	70	24	46	26	0.657142857142857	0.48	0.342857142857143	0.4
100	3	Individual tool	ALDEx2	23	16	7	34	0.304347826086957	0.32	0.695652173913043	0.438356164383562
100	3	Individual tool	metaSeq	24	19	5	31	0.208333333333333	0.38	0.791666666666667	0.513513513513513
100	3	Individual tool	ADAPT	22	22	0	28	0	0.44	1	0.611111111111111
100	3	Individual tool	ANCOMBC2	58	13	45	37	0.775862068965517	0.26	0.224137931034483	0.240740740740741
100	3	Individual tool	MaAsLin3	13	12	1	38	0.0769230769230769	0.24	0.923076923076923	0.380952380952381
100	3	Consensus rule	Union (1 of 7)	219	31	188	19	0.858447488584475	0.62	0.141552511415525	0.230483271375465
100	3	Consensus rule	2 of 7	92	25	67	25	0.728260869565217	0.5	0.271739130434783	0.352112676056338
100	3	Consensus rule	3 of 7	36	22	14	28	0.388888888888889	0.44	0.611111111111111	0.511627906976744
100	3	Consensus rule	4 of 7	26	21	5	29	0.192307692307692	0.42	0.807692307692308	0.552631578947368
100	3	Consensus rule	5 of 7	16	16	0	34	0	0.32	1	0.484848484848485
100	3	Consensus rule	6 of 7	11	11	0	39	0	0.22	1	0.360655737704918
100	3	Consensus rule	Intersect (7 of 7)	9	9	0	41	0	0.18	1	0.305084745762712
100	4	Individual tool	edgeR	206	32	174	18	0.844660194174757	0.64	0.155339805825243	0.25
100	4	Individual tool	DESeq2	60	23	37	27	0.616666666666667	0.46	0.383333333333333	0.418181818181818
100	4	Individual tool	ALDEx2	25	19	6	31	0.24	0.38	0.76	0.506666666666667
100	4	Individual tool	metaSeq	31	20	11	30	0.354838709677419	0.4	0.645161290322581	0.493827160493827
100	4	Individual tool	ADAPT	26	24	2	26	0.0769230769230769	0.48	0.923076923076923	0.631578947368421
100	4	Individual tool	ANCOMBC2	68	17	51	33	0.75	0.34	0.25	0.288135593220339
100	4	Individual tool	MaAsLin3	12	12	0	38	0	0.24	1	0.387096774193548
100	4	Consensus rule	Union (1 of 7)	223	37	186	13	0.834080717488789	0.74	0.165919282511211	0.271062271062271
100	4	Consensus rule	2 of 7	97	26	71	24	0.731958762886598	0.52	0.268041237113402	0.353741496598639
100	4	Consensus rule	3 of 7	37	22	15	28	0.405405405405405	0.44	0.594594594594595	0.505747126436782
100	4	Consensus rule	4 of 7	28	20	8	30	0.285714285714286	0.4	0.714285714285714	0.512820512820513
100	4	Consensus rule	5 of 7	18	17	1	33	0.0555555555555556	0.34	0.944444444444444	0.5
100	4	Consensus rule	6 of 7	14	14	0	36	0	0.28	1	0.4375
100	4	Consensus rule	Intersect (7 of 7)	11	11	0	39	0	0.22	1	0.360655737704918
100	5	Individual tool	edgeR	137	33	104	17	0.759124087591241	0.66	0.240875912408759	0.352941176470588
100	5	Individual tool	DESeq2	51	25	26	25	0.509803921568627	0.5	0.490196078431373	0.495049504950495
100	5	Individual tool	ALDEx2	20	20	0	30	0	0.4	1	0.571428571428572
100	5	Individual tool	metaSeq	41	24	17	26	0.414634146341463	0.48	0.585365853658537	0.527472527472527
100	5	Individual tool	ADAPT	27	25	2	25	0.0740740740740741	0.5	0.925925925925926	0.649350649350649
100	5	Individual tool	ANCOMBC2	74	13	61	37	0.824324324324324	0.26	0.175675675675676	0.209677419354839
100	5	Individual tool	MaAsLin3	14	14	0	36	0	0.28	1	0.4375
100	5	Consensus rule	Union (1 of 7)	177	34	143	16	0.807909604519774	0.68	0.192090395480226	0.299559471365639
100	5	Consensus rule	2 of 7	77	29	48	21	0.623376623376623	0.58	0.376623376623377	0.456692913385827
100	5	Consensus rule	3 of 7	39	24	15	26	0.384615384615385	0.48	0.615384615384615	0.539325842696629
100	5	Consensus rule	4 of 7	27	23	4	27	0.148148148148148	0.46	0.851851851851852	0.597402597402597
100	5	Consensus rule	5 of 7	19	19	0	31	0	0.38	1	0.550724637681159
100	5	Consensus rule	6 of 7	14	14	0	36	0	0.28	1	0.4375
100	5	Consensus rule	Intersect (7 of 7)	11	11	0	39	0	0.22	1	0.360655737704918
100	6	Individual tool	edgeR	159	30	129	20	0.811320754716981	0.6	0.188679245283019	0.287081339712919
100	6	Individual tool	DESeq2	56	25	31	25	0.553571428571429	0.5	0.446428571428571	0.471698113207547
100	6	Individual tool	ALDEx2	20	15	5	35	0.25	0.3	0.75	0.428571428571428
100	6	Individual tool	metaSeq	34	23	11	27	0.323529411764706	0.46	0.676470588235294	0.547619047619048
100	6	Individual tool	ADAPT	25	25	0	25	0	0.5	1	0.666666666666667
100	6	Individual tool	ANCOMBC2	54	14	40	36	0.740740740740741	0.28	0.259259259259259	0.269230769230769
100	6	Individual tool	MaAsLin3	15	13	2	37	0.133333333333333	0.26	0.866666666666667	0.4
100	6	Consensus rule	Union (1 of 7)	176	31	145	19	0.823863636363636	0.62	0.176136363636364	0.274336283185841
100	6	Consensus rule	2 of 7	70	28	42	22	0.6	0.56	0.4	0.466666666666667
100	6	Consensus rule	3 of 7	39	24	15	26	0.384615384615385	0.48	0.615384615384615	0.539325842696629
100	6	Consensus rule	4 of 7	33	23	10	27	0.303030303030303	0.46	0.696969696969697	0.55421686746988
100	6	Consensus rule	5 of 7	23	18	5	32	0.217391304347826	0.36	0.782608695652174	0.493150684931507
100	6	Consensus rule	6 of 7	13	12	1	38	0.0769230769230769	0.24	0.923076923076923	0.380952380952381
100	6	Consensus rule	Intersect (7 of 7)	9	9	0	41	0	0.18	1	0.305084745762712
100	7	Individual tool	edgeR	157	33	124	17	0.789808917197452	0.66	0.210191082802548	0.318840579710145
100	7	Individual tool	DESeq2	62	27	35	23	0.564516129032258	0.54	0.435483870967742	0.482142857142857
100	7	Individual tool	ALDEx2	16	16	0	34	0	0.32	1	0.484848484848485
100	7	Individual tool	metaSeq	29	24	5	26	0.172413793103448	0.48	0.827586206896552	0.607594936708861
100	7	Individual tool	ADAPT	25	25	0	25	0	0.5	1	0.666666666666667
100	7	Individual tool	ANCOMBC2	68	13	55	37	0.808823529411765	0.26	0.191176470588235	0.220338983050847
100	7	Individual tool	MaAsLin3	12	11	1	39	0.0833333333333333	0.22	0.916666666666667	0.354838709677419
100	7	Consensus rule	Union (1 of 7)	193	36	157	14	0.813471502590674	0.72	0.186528497409326	0.296296296296296
100	7	Consensus rule	2 of 7	79	30	49	20	0.620253164556962	0.6	0.379746835443038	0.465116279069767
100	7	Consensus rule	3 of 7	34	24	10	26	0.294117647058824	0.48	0.705882352941177	0.571428571428571
100	7	Consensus rule	4 of 7	24	21	3	29	0.125	0.42	0.875	0.567567567567568
100	7	Consensus rule	5 of 7	18	17	1	33	0.0555555555555556	0.34	0.944444444444444	0.5
100	7	Consensus rule	6 of 7	12	12	0	38	0	0.24	1	0.387096774193548
100	7	Consensus rule	Intersect (7 of 7)	9	9	0	41	0	0.18	1	0.305084745762712
100	8	Individual tool	edgeR	223	32	191	18	0.856502242152466	0.64	0.143497757847534	0.234432234432234
100	8	Individual tool	DESeq2	39	24	15	26	0.384615384615385	0.48	0.615384615384615	0.539325842696629
100	8	Individual tool	ALDEx2	20	16	4	34	0.2	0.32	0.8	0.457142857142857
100	8	Individual tool	metaSeq	26	22	4	28	0.153846153846154	0.44	0.846153846153846	0.578947368421053
100	8	Individual tool	ADAPT	28	25	3	25	0.107142857142857	0.5	0.892857142857143	0.641025641025641
100	8	Individual tool	ANCOMBC2	89	13	76	37	0.853932584269663	0.26	0.146067415730337	0.18705035971223
100	8	Individual tool	MaAsLin3	8	7	1	43	0.125	0.14	0.875	0.241379310344828
100	8	Consensus rule	Union (1 of 7)	250	34	216	16	0.864	0.68	0.136	0.226666666666667
100	8	Consensus rule	2 of 7	90	27	63	23	0.7	0.54	0.3	0.385714285714286
100	8	Consensus rule	3 of 7	32	24	8	26	0.25	0.48	0.75	0.585365853658537
100	8	Consensus rule	4 of 7	27	23	4	27	0.148148148148148	0.46	0.851851851851852	0.597402597402597
100	8	Consensus rule	5 of 7	19	17	2	33	0.105263157894737	0.34	0.894736842105263	0.492753623188406
100	8	Consensus rule	6 of 7	10	9	1	41	0.1	0.18	0.9	0.3
100	8	Consensus rule	Intersect (7 of 7)	5	5	0	45	0	0.1	1	0.181818181818182
100	9	Individual tool	edgeR	167	31	136	19	0.81437125748503	0.62	0.18562874251497	0.285714285714286
100	9	Individual tool	DESeq2	64	21	43	29	0.671875	0.42	0.328125	0.368421052631579
100	9	Individual tool	ALDEx2	23	20	3	30	0.130434782608696	0.4	0.869565217391304	0.547945205479452
100	9	Individual tool	metaSeq	37	23	14	27	0.378378378378378	0.46	0.621621621621622	0.528735632183908
100	9	Individual tool	ADAPT	24	23	1	27	0.0416666666666667	0.46	0.958333333333333	0.621621621621622
100	9	Individual tool	ANCOMBC2	55	17	38	33	0.690909090909091	0.34	0.309090909090909	0.323809523809524
100	9	Individual tool	MaAsLin3	18	16	2	34	0.111111111111111	0.32	0.888888888888889	0.470588235294118
100	9	Consensus rule	Union (1 of 7)	199	33	166	17	0.834170854271357	0.66	0.165829145728643	0.265060240963855
100	9	Consensus rule	2 of 7	76	25	51	25	0.671052631578947	0.5	0.328947368421053	0.396825396825397
100	9	Consensus rule	3 of 7	37	23	14	27	0.378378378378378	0.46	0.621621621621622	0.528735632183908
100	9	Consensus rule	4 of 7	26	20	6	30	0.230769230769231	0.4	0.769230769230769	0.526315789473684
100	9	Consensus rule	5 of 7	20	20	0	30	0	0.4	1	0.571428571428572
100	9	Consensus rule	6 of 7	18	18	0	32	0	0.36	1	0.529411764705882
100	9	Consensus rule	Intersect (7 of 7)	12	12	0	38	0	0.24	1	0.387096774193548
100	10	Individual tool	edgeR	231	37	194	13	0.83982683982684	0.74	0.16017316017316	0.263345195729537
100	10	Individual tool	DESeq2	76	26	50	24	0.657894736842105	0.52	0.342105263157895	0.412698412698413
100	10	Individual tool	ALDEx2	30	16	14	34	0.466666666666667	0.32	0.533333333333333	0.4
100	10	Individual tool	metaSeq	35	23	12	27	0.342857142857143	0.46	0.657142857142857	0.541176470588235
100	10	Individual tool	ADAPT	24	24	0	26	0	0.48	1	0.648648648648649
100	10	Individual tool	ANCOMBC2	79	13	66	37	0.835443037974684	0.26	0.164556962025316	0.201550387596899
100	10	Individual tool	MaAsLin3	15	12	3	38	0.2	0.24	0.8	0.369230769230769
100	10	Consensus rule	Union (1 of 7)	245	39	206	11	0.840816326530612	0.78	0.159183673469388	0.264406779661017
100	10	Consensus rule	2 of 7	113	31	82	19	0.725663716814159	0.62	0.274336283185841	0.380368098159509
100	10	Consensus rule	3 of 7	52	25	27	25	0.519230769230769	0.5	0.480769230769231	0.490196078431373
100	10	Consensus rule	4 of 7	35	22	13	28	0.371428571428571	0.44	0.628571428571429	0.517647058823529
100	10	Consensus rule	5 of 7	25	17	8	33	0.32	0.34	0.68	0.453333333333333
100	10	Consensus rule	6 of 7	13	10	3	40	0.230769230769231	0.2	0.769230769230769	0.317460317460317
100	10	Consensus rule	Intersect (7 of 7)	7	7	0	43	0	0.14	1	0.245614035087719
100	11	Individual tool	edgeR	175	29	146	21	0.834285714285714	0.58	0.165714285714286	0.257777777777778
100	11	Individual tool	DESeq2	48	23	25	27	0.520833333333333	0.46	0.479166666666667	0.469387755102041
100	11	Individual tool	ALDEx2	26	20	6	30	0.230769230769231	0.4	0.769230769230769	0.526315789473684
100	11	Individual tool	metaSeq	31	23	8	27	0.258064516129032	0.46	0.741935483870968	0.567901234567901
100	11	Individual tool	ADAPT	25	24	1	26	0.04	0.48	0.96	0.64
100	11	Individual tool	ANCOMBC2	72	17	55	33	0.763888888888889	0.34	0.236111111111111	0.278688524590164
100	11	Individual tool	MaAsLin3	10	10	0	40	0	0.2	1	0.333333333333333
100	11	Consensus rule	Union (1 of 7)	201	32	169	18	0.840796019900497	0.64	0.159203980099502	0.254980079681275
100	11	Consensus rule	2 of 7	75	25	50	25	0.666666666666667	0.5	0.333333333333333	0.4
100	11	Consensus rule	3 of 7	40	24	16	26	0.4	0.48	0.6	0.533333333333333
100	11	Consensus rule	4 of 7	28	22	6	28	0.214285714285714	0.44	0.785714285714286	0.564102564102564
100	11	Consensus rule	5 of 7	20	20	0	30	0	0.4	1	0.571428571428572
100	11	Consensus rule	6 of 7	13	13	0	37	0	0.26	1	0.412698412698413
100	11	Consensus rule	Intersect (7 of 7)	10	10	0	40	0	0.2	1	0.333333333333333
100	12	Individual tool	edgeR	174	28	146	22	0.839080459770115	0.56	0.160919540229885	0.25
100	12	Individual tool	DESeq2	54	20	34	30	0.62962962962963	0.4	0.37037037037037	0.384615384615385
100	12	Individual tool	ALDEx2	20	16	4	34	0.2	0.32	0.8	0.457142857142857
100	12	Individual tool	metaSeq	21	18	3	32	0.142857142857143	0.36	0.857142857142857	0.507042253521127
100	12	Individual tool	ADAPT	21	21	0	29	0	0.42	1	0.591549295774648
100	12	Individual tool	ANCOMBC2	64	10	54	40	0.84375	0.2	0.15625	0.175438596491228
100	12	Individual tool	MaAsLin3	7	7	0	43	0	0.14	1	0.245614035087719
100	12	Consensus rule	Union (1 of 7)	197	30	167	20	0.847715736040609	0.6	0.152284263959391	0.242914979757085
100	12	Consensus rule	2 of 7	76	24	52	26	0.684210526315789	0.48	0.315789473684211	0.380952380952381
100	12	Consensus rule	3 of 7	39	21	18	29	0.461538461538462	0.42	0.538461538461538	0.47191011235955
100	12	Consensus rule	4 of 7	21	17	4	33	0.19047619047619	0.34	0.80952380952381	0.47887323943662
100	12	Consensus rule	5 of 7	14	14	0	36	0	0.28	1	0.4375
100	12	Consensus rule	6 of 7	8	8	0	42	0	0.16	1	0.275862068965517
100	12	Consensus rule	Intersect (7 of 7)	6	6	0	44	0	0.12	1	0.214285714285714
100	13	Individual tool	edgeR	152	38	114	12	0.75	0.76	0.25	0.376237623762376
100	13	Individual tool	DESeq2	38	26	12	24	0.315789473684211	0.52	0.684210526315789	0.590909090909091
100	13	Individual tool	ALDEx2	17	17	0	33	0	0.34	1	0.507462686567164
100	13	Individual tool	metaSeq	24	24	0	26	0	0.48	1	0.648648648648649
100	13	Individual tool	ADAPT	24	24	0	26	0	0.48	1	0.648648648648649
100	13	Individual tool	ANCOMBC2	51	13	38	37	0.745098039215686	0.26	0.254901960784314	0.257425742574257
100	13	Individual tool	MaAsLin3	12	12	0	38	0	0.24	1	0.387096774193548
100	13	Consensus rule	Union (1 of 7)	174	40	134	10	0.770114942528736	0.8	0.229885057471264	0.357142857142857
100	13	Consensus rule	2 of 7	58	29	29	21	0.5	0.58	0.5	0.537037037037037
100	13	Consensus rule	3 of 7	25	24	1	26	0.04	0.48	0.96	0.64
100	13	Consensus rule	4 of 7	23	23	0	27	0	0.46	1	0.63013698630137
100	13	Consensus rule	5 of 7	18	18	0	32	0	0.36	1	0.529411764705882
100	13	Consensus rule	6 of 7	12	12	0	38	0	0.24	1	0.387096774193548
100	13	Consensus rule	Intersect (7 of 7)	8	8	0	42	0	0.16	1	0.275862068965517
100	14	Individual tool	edgeR	147	29	118	21	0.802721088435374	0.58	0.197278911564626	0.294416243654822
100	14	Individual tool	DESeq2	32	20	12	30	0.375	0.4	0.625	0.487804878048781
100	14	Individual tool	ALDEx2	14	14	0	36	0	0.28	1	0.4375
100	14	Individual tool	metaSeq	26	20	6	30	0.230769230769231	0.4	0.769230769230769	0.526315789473684
100	14	Individual tool	ADAPT	21	21	0	29	0	0.42	1	0.591549295774648
100	14	Individual tool	ANCOMBC2	69	12	57	38	0.826086956521739	0.24	0.173913043478261	0.201680672268908
100	14	Individual tool	MaAsLin3	7	7	0	43	0	0.14	1	0.245614035087719
100	14	Consensus rule	Union (1 of 7)	184	32	152	18	0.826086956521739	0.64	0.173913043478261	0.273504273504274
100	14	Consensus rule	2 of 7	58	24	34	26	0.586206896551724	0.48	0.413793103448276	0.444444444444444
100	14	Consensus rule	3 of 7	26	20	6	30	0.230769230769231	0.4	0.769230769230769	0.526315789473684
100	14	Consensus rule	4 of 7	19	18	1	32	0.0526315789473684	0.36	0.947368421052632	0.521739130434783
100	14	Consensus rule	5 of 7	14	14	0	36	0	0.28	1	0.4375
100	14	Consensus rule	6 of 7	8	8	0	42	0	0.16	1	0.275862068965517
100	14	Consensus rule	Intersect (7 of 7)	7	7	0	43	0	0.14	1	0.245614035087719
100	15	Individual tool	edgeR	176	33	143	17	0.8125	0.66	0.1875	0.292035398230089
100	15	Individual tool	DESeq2	47	25	22	25	0.468085106382979	0.5	0.531914893617021	0.515463917525773
100	15	Individual tool	ALDEx2	23	21	2	29	0.0869565217391304	0.42	0.91304347826087	0.575342465753425
100	15	Individual tool	metaSeq	27	23	4	27	0.148148148148148	0.46	0.851851851851852	0.597402597402597
100	15	Individual tool	ADAPT	24	24	0	26	0	0.48	1	0.648648648648649
100	15	Individual tool	ANCOMBC2	65	13	52	37	0.8	0.26	0.2	0.226086956521739
100	15	Individual tool	MaAsLin3	9	9	0	41	0	0.18	1	0.305084745762712
100	15	Consensus rule	Union (1 of 7)	204	35	169	15	0.82843137254902	0.7	0.17156862745098	0.275590551181102
100	15	Consensus rule	2 of 7	74	27	47	23	0.635135135135135	0.54	0.364864864864865	0.435483870967742
100	15	Consensus rule	3 of 7	31	26	5	24	0.161290322580645	0.52	0.838709677419355	0.641975308641975
100	15	Consensus rule	4 of 7	24	22	2	28	0.0833333333333333	0.44	0.916666666666667	0.594594594594595
100	15	Consensus rule	5 of 7	19	19	0	31	0	0.38	1	0.550724637681159
100	15	Consensus rule	6 of 7	11	11	0	39	0	0.22	1	0.360655737704918
100	15	Consensus rule	Intersect (7 of 7)	8	8	0	42	0	0.16	1	0.275862068965517
100	16	Individual tool	edgeR	187	33	154	17	0.823529411764706	0.66	0.176470588235294	0.278481012658228
100	16	Individual tool	DESeq2	59	27	32	23	0.542372881355932	0.54	0.457627118644068	0.495412844036697
100	16	Individual tool	ALDEx2	26	22	4	28	0.153846153846154	0.44	0.846153846153846	0.578947368421053
100	16	Individual tool	metaSeq	35	24	11	26	0.314285714285714	0.48	0.685714285714286	0.564705882352941
100	16	Individual tool	ADAPT	26	25	1	25	0.0384615384615385	0.5	0.961538461538462	0.657894736842105
100	16	Individual tool	ANCOMBC2	89	14	75	36	0.842696629213483	0.28	0.157303370786517	0.201438848920863
100	16	Individual tool	MaAsLin3	14	13	1	37	0.0714285714285714	0.26	0.928571428571429	0.40625
100	16	Consensus rule	Union (1 of 7)	220	34	186	16	0.845454545454545	0.68	0.154545454545455	0.251851851851852
100	16	Consensus rule	2 of 7	96	29	67	21	0.697916666666667	0.58	0.302083333333333	0.397260273972603
100	16	Consensus rule	3 of 7	40	26	14	24	0.35	0.52	0.65	0.577777777777778
100	16	Consensus rule	4 of 7	31	24	7	26	0.225806451612903	0.48	0.774193548387097	0.592592592592593
100	16	Consensus rule	5 of 7	24	21	3	29	0.125	0.42	0.875	0.567567567567568
100	16	Consensus rule	6 of 7	14	13	1	37	0.0714285714285714	0.26	0.928571428571429	0.40625
100	16	Consensus rule	Intersect (7 of 7)	11	11	0	39	0	0.22	1	0.360655737704918
100	17	Individual tool	edgeR	123	26	97	24	0.788617886178862	0.52	0.211382113821138	0.300578034682081
100	17	Individual tool	DESeq2	27	20	7	30	0.259259259259259	0.4	0.740740740740741	0.519480519480519
100	17	Individual tool	ALDEx2	14	14	0	36	0	0.28	1	0.4375
100	17	Individual tool	metaSeq	18	17	1	33	0.0555555555555556	0.34	0.944444444444444	0.5
100	17	Individual tool	ADAPT	25	23	2	27	0.08	0.46	0.92	0.613333333333333
100	17	Individual tool	ANCOMBC2	89	13	76	37	0.853932584269663	0.26	0.146067415730337	0.18705035971223
100	17	Individual tool	MaAsLin3	9	8	1	42	0.111111111111111	0.16	0.888888888888889	0.271186440677966
100	17	Consensus rule	Union (1 of 7)	175	31	144	19	0.822857142857143	0.62	0.177142857142857	0.275555555555555
100	17	Consensus rule	2 of 7	62	26	36	24	0.580645161290323	0.52	0.419354838709677	0.464285714285714
100	17	Consensus rule	3 of 7	24	20	4	30	0.166666666666667	0.4	0.833333333333333	0.540540540540541
100	17	Consensus rule	4 of 7	19	19	0	31	0	0.38	1	0.550724637681159
100	17	Consensus rule	5 of 7	13	13	0	37	0	0.26	1	0.412698412698413
100	17	Consensus rule	6 of 7	7	7	0	43	0	0.14	1	0.245614035087719
100	17	Consensus rule	Intersect (7 of 7)	5	5	0	45	0	0.1	1	0.181818181818182
100	18	Individual tool	edgeR	158	35	123	15	0.778481012658228	0.7	0.221518987341772	0.336538461538462
100	18	Individual tool	DESeq2	42	23	19	27	0.452380952380952	0.46	0.547619047619048	0.5
100	18	Individual tool	ALDEx2	22	22	0	28	0	0.44	1	0.611111111111111
100	18	Individual tool	metaSeq	33	23	10	27	0.303030303030303	0.46	0.696969696969697	0.55421686746988
100	18	Individual tool	ADAPT	26	25	1	25	0.0384615384615385	0.5	0.961538461538462	0.657894736842105
100	18	Individual tool	ANCOMBC2	67	16	51	34	0.761194029850746	0.32	0.238805970149254	0.273504273504274
100	18	Individual tool	MaAsLin3	11	11	0	39	0	0.22	1	0.360655737704918
100	18	Consensus rule	Union (1 of 7)	192	38	154	12	0.802083333333333	0.76	0.197916666666667	0.31404958677686
100	18	Consensus rule	2 of 7	65	27	38	23	0.584615384615385	0.54	0.415384615384615	0.469565217391304
100	18	Consensus rule	3 of 7	33	24	9	26	0.272727272727273	0.48	0.727272727272727	0.578313253012048
100	18	Consensus rule	4 of 7	26	23	3	27	0.115384615384615	0.46	0.884615384615385	0.605263157894737
100	18	Consensus rule	5 of 7	21	21	0	29	0	0.42	1	0.591549295774648
100	18	Consensus rule	6 of 7	12	12	0	38	0	0.24	1	0.387096774193548
100	18	Consensus rule	Intersect (7 of 7)	10	10	0	40	0	0.2	1	0.333333333333333
100	19	Individual tool	edgeR	160	29	131	21	0.81875	0.58	0.18125	0.276190476190476
100	19	Individual tool	DESeq2	35	22	13	28	0.371428571428571	0.44	0.628571428571429	0.517647058823529
100	19	Individual tool	ALDEx2	18	18	0	32	0	0.36	1	0.529411764705882
100	19	Individual tool	metaSeq	26	21	5	29	0.192307692307692	0.42	0.807692307692308	0.552631578947368
100	19	Individual tool	ADAPT	23	23	0	27	0	0.46	1	0.63013698630137
100	19	Individual tool	ANCOMBC2	69	13	56	37	0.811594202898551	0.26	0.188405797101449	0.218487394957983
100	19	Individual tool	MaAsLin3	14	11	3	39	0.214285714285714	0.22	0.785714285714286	0.34375
100	19	Consensus rule	Union (1 of 7)	189	31	158	19	0.835978835978836	0.62	0.164021164021164	0.259414225941423
100	19	Consensus rule	2 of 7	68	23	45	27	0.661764705882353	0.46	0.338235294117647	0.389830508474576
100	19	Consensus rule	3 of 7	26	22	4	28	0.153846153846154	0.44	0.846153846153846	0.578947368421053
100	19	Consensus rule	4 of 7	22	21	1	29	0.0454545454545455	0.42	0.954545454545455	0.583333333333333
100	19	Consensus rule	5 of 7	18	18	0	32	0	0.36	1	0.529411764705882
100	19	Consensus rule	6 of 7	12	12	0	38	0	0.24	1	0.387096774193548
100	19	Consensus rule	Intersect (7 of 7)	10	10	0	40	0	0.2	1	0.333333333333333
100	20	Individual tool	edgeR	152	33	119	17	0.782894736842105	0.66	0.217105263157895	0.326732673267327
100	20	Individual tool	DESeq2	63	29	34	21	0.53968253968254	0.58	0.46031746031746	0.513274336283186
100	20	Individual tool	ALDEx2	21	20	1	30	0.0476190476190476	0.4	0.952380952380952	0.563380281690141
100	20	Individual tool	metaSeq	34	24	10	26	0.294117647058824	0.48	0.705882352941177	0.571428571428571
100	20	Individual tool	ADAPT	26	25	1	25	0.0384615384615385	0.5	0.961538461538462	0.657894736842105
100	20	Individual tool	ANCOMBC2	72	15	57	35	0.791666666666667	0.3	0.208333333333333	0.245901639344262
100	20	Individual tool	MaAsLin3	13	11	2	39	0.153846153846154	0.22	0.846153846153846	0.349206349206349
100	20	Consensus rule	Union (1 of 7)	189	37	152	13	0.804232804232804	0.74	0.195767195767196	0.309623430962343
100	20	Consensus rule	2 of 7	76	29	47	21	0.618421052631579	0.58	0.381578947368421	0.46031746031746
100	20	Consensus rule	3 of 7	44	26	18	24	0.409090909090909	0.52	0.590909090909091	0.553191489361702
100	20	Consensus rule	4 of 7	29	25	4	25	0.137931034482759	0.5	0.862068965517241	0.632911392405063
100	20	Consensus rule	5 of 7	21	18	3	32	0.142857142857143	0.36	0.857142857142857	0.507042253521127
100	20	Consensus rule	6 of 7	12	12	0	38	0	0.24	1	0.387096774193548
100	20	Consensus rule	Intersect (7 of 7)	10	10	0	40	0	0.2	1	0.333333333333333
100	21	Individual tool	edgeR	119	30	89	20	0.747899159663866	0.6	0.252100840336134	0.355029585798817
100	21	Individual tool	DESeq2	27	22	5	28	0.185185185185185	0.44	0.814814814814815	0.571428571428571
100	21	Individual tool	ALDEx2	18	18	0	32	0	0.36	1	0.529411764705882
100	21	Individual tool	metaSeq	24	24	0	26	0	0.48	1	0.648648648648649
100	21	Individual tool	ADAPT	25	25	0	25	0	0.5	1	0.666666666666667
100	21	Individual tool	ANCOMBC2	57	9	48	41	0.842105263157895	0.18	0.157894736842105	0.168224299065421
100	21	Individual tool	MaAsLin3	9	9	0	41	0	0.18	1	0.305084745762712
100	21	Consensus rule	Union (1 of 7)	159	31	128	19	0.805031446540881	0.62	0.19496855345912	0.296650717703349
100	21	Consensus rule	2 of 7	39	25	14	25	0.358974358974359	0.5	0.641025641025641	0.561797752808989
100	21	Consensus rule	3 of 7	24	24	0	26	0	0.48	1	0.648648648648649
100	21	Consensus rule	4 of 7	21	21	0	29	0	0.42	1	0.591549295774648
100	21	Consensus rule	5 of 7	18	18	0	32	0	0.36	1	0.529411764705882
100	21	Consensus rule	6 of 7	10	10	0	40	0	0.2	1	0.333333333333333
100	21	Consensus rule	Intersect (7 of 7)	8	8	0	42	0	0.16	1	0.275862068965517
100	22	Individual tool	edgeR	124	28	96	22	0.774193548387097	0.56	0.225806451612903	0.32183908045977
100	22	Individual tool	DESeq2	42	26	16	24	0.380952380952381	0.52	0.619047619047619	0.565217391304348
100	22	Individual tool	ALDEx2	16	16	0	34	0	0.32	1	0.484848484848485
100	22	Individual tool	metaSeq	23	20	3	30	0.130434782608696	0.4	0.869565217391304	0.547945205479452
100	22	Individual tool	ADAPT	26	23	3	27	0.115384615384615	0.46	0.884615384615385	0.605263157894737
100	22	Individual tool	ANCOMBC2	81	13	68	37	0.839506172839506	0.26	0.160493827160494	0.198473282442748
100	22	Individual tool	MaAsLin3	4	4	0	46	0	0.08	1	0.148148148148148
100	22	Consensus rule	Union (1 of 7)	165	29	136	21	0.824242424242424	0.58	0.175757575757576	0.269767441860465
100	22	Consensus rule	2 of 7	66	27	39	23	0.590909090909091	0.54	0.409090909090909	0.46551724137931
100	22	Consensus rule	3 of 7	33	26	7	24	0.212121212121212	0.52	0.787878787878788	0.626506024096386
100	22	Consensus rule	4 of 7	26	23	3	27	0.115384615384615	0.46	0.884615384615385	0.605263157894737
100	22	Consensus rule	5 of 7	16	15	1	35	0.0625	0.3	0.9375	0.454545454545455
100	22	Consensus rule	6 of 7	7	7	0	43	0	0.14	1	0.245614035087719
100	22	Consensus rule	Intersect (7 of 7)	3	3	0	47	0	0.06	1	0.113207547169811
100	23	Individual tool	edgeR	164	32	132	18	0.804878048780488	0.64	0.195121951219512	0.299065420560748
100	23	Individual tool	DESeq2	53	22	31	28	0.584905660377358	0.44	0.415094339622642	0.427184466019417
100	23	Individual tool	ALDEx2	14	14	0	36	0	0.28	1	0.4375
100	23	Individual tool	metaSeq	27	21	6	29	0.222222222222222	0.42	0.777777777777778	0.545454545454545
100	23	Individual tool	ADAPT	25	24	1	26	0.04	0.48	0.96	0.64
100	23	Individual tool	ANCOMBC2	58	14	44	36	0.758620689655172	0.28	0.241379310344828	0.259259259259259
100	23	Individual tool	MaAsLin3	11	10	1	40	0.0909090909090909	0.2	0.909090909090909	0.327868852459016
100	23	Consensus rule	Union (1 of 7)	186	33	153	17	0.82258064516129	0.66	0.17741935483871	0.279661016949153
100	23	Consensus rule	2 of 7	78	27	51	23	0.653846153846154	0.54	0.346153846153846	0.421875
100	23	Consensus rule	3 of 7	34	23	11	27	0.323529411764706	0.46	0.676470588235294	0.547619047619048
100	23	Consensus rule	4 of 7	20	20	0	30	0	0.4	1	0.571428571428572
100	23	Consensus rule	5 of 7	15	15	0	35	0	0.3	1	0.461538461538462
100	23	Consensus rule	6 of 7	11	11	0	39	0	0.22	1	0.360655737704918
100	23	Consensus rule	Intersect (7 of 7)	8	8	0	42	0	0.16	1	0.275862068965517
100	24	Individual tool	edgeR	180	34	146	16	0.811111111111111	0.68	0.188888888888889	0.295652173913043
100	24	Individual tool	DESeq2	65	26	39	24	0.6	0.52	0.4	0.452173913043478
100	24	Individual tool	ALDEx2	19	18	1	32	0.0526315789473684	0.36	0.947368421052632	0.521739130434783
100	24	Individual tool	metaSeq	39	24	15	26	0.384615384615385	0.48	0.615384615384615	0.539325842696629
100	24	Individual tool	ADAPT	25	24	1	26	0.04	0.48	0.96	0.64
100	24	Individual tool	ANCOMBC2	71	16	55	34	0.774647887323944	0.32	0.225352112676056	0.264462809917355
100	24	Individual tool	MaAsLin3	11	10	1	40	0.0909090909090909	0.2	0.909090909090909	0.327868852459016
100	24	Consensus rule	Union (1 of 7)	209	35	174	15	0.832535885167464	0.7	0.167464114832536	0.27027027027027
100	24	Consensus rule	2 of 7	82	27	55	23	0.670731707317073	0.54	0.329268292682927	0.409090909090909
100	24	Consensus rule	3 of 7	46	26	20	24	0.434782608695652	0.52	0.565217391304348	0.541666666666667
100	24	Consensus rule	4 of 7	32	23	9	27	0.28125	0.46	0.71875	0.560975609756098
100	24	Consensus rule	5 of 7	19	19	0	31	0	0.38	1	0.550724637681159
100	24	Consensus rule	6 of 7	14	14	0	36	0	0.28	1	0.4375
100	24	Consensus rule	Intersect (7 of 7)	8	8	0	42	0	0.16	1	0.275862068965517
100	25	Individual tool	edgeR	205	36	169	14	0.824390243902439	0.72	0.175609756097561	0.282352941176471
100	25	Individual tool	DESeq2	61	27	34	23	0.557377049180328	0.54	0.442622950819672	0.486486486486486
100	25	Individual tool	ALDEx2	28	18	10	32	0.357142857142857	0.36	0.642857142857143	0.461538461538462
100	25	Individual tool	metaSeq	31	24	7	26	0.225806451612903	0.48	0.774193548387097	0.592592592592593
100	25	Individual tool	ADAPT	27	25	2	25	0.0740740740740741	0.5	0.925925925925926	0.649350649350649
100	25	Individual tool	ANCOMBC2	53	15	38	35	0.716981132075472	0.3	0.283018867924528	0.29126213592233
100	25	Individual tool	MaAsLin3	12	7	5	43	0.416666666666667	0.14	0.583333333333333	0.225806451612903
100	25	Consensus rule	Union (1 of 7)	220	39	181	11	0.822727272727273	0.78	0.177272727272727	0.288888888888889
100	25	Consensus rule	2 of 7	86	30	56	20	0.651162790697674	0.6	0.348837209302326	0.441176470588235
100	25	Consensus rule	3 of 7	40	24	16	26	0.4	0.48	0.6	0.533333333333333
100	25	Consensus rule	4 of 7	29	22	7	28	0.241379310344828	0.44	0.758620689655172	0.556962025316456
100	25	Consensus rule	5 of 7	24	20	4	30	0.166666666666667	0.4	0.833333333333333	0.540540540540541
100	25	Consensus rule	6 of 7	12	11	1	39	0.0833333333333333	0.22	0.916666666666667	0.354838709677419
100	25	Consensus rule	Intersect (7 of 7)	6	6	0	44	0	0.12	1	0.214285714285714
100	26	Individual tool	edgeR	160	28	132	22	0.825	0.56	0.175	0.266666666666667
100	26	Individual tool	DESeq2	49	23	26	27	0.530612244897959	0.46	0.469387755102041	0.464646464646465
100	26	Individual tool	ALDEx2	19	19	0	31	0	0.38	1	0.550724637681159
100	26	Individual tool	metaSeq	27	24	3	26	0.111111111111111	0.48	0.888888888888889	0.623376623376623
100	26	Individual tool	ADAPT	24	24	0	26	0	0.48	1	0.648648648648649
100	26	Individual tool	ANCOMBC2	78	15	63	35	0.807692307692308	0.3	0.192307692307692	0.234375
100	26	Individual tool	MaAsLin3	12	12	0	38	0	0.24	1	0.387096774193548
100	26	Consensus rule	Union (1 of 7)	201	30	171	20	0.850746268656716	0.6	0.149253731343284	0.239043824701195
100	26	Consensus rule	2 of 7	69	24	45	26	0.652173913043478	0.48	0.347826086956522	0.403361344537815
100	26	Consensus rule	3 of 7	29	24	5	26	0.172413793103448	0.48	0.827586206896552	0.607594936708861
100	26	Consensus rule	4 of 7	26	23	3	27	0.115384615384615	0.46	0.884615384615385	0.605263157894737
100	26	Consensus rule	5 of 7	19	19	0	31	0	0.38	1	0.550724637681159
100	26	Consensus rule	6 of 7	13	13	0	37	0	0.26	1	0.412698412698413
100	26	Consensus rule	Intersect (7 of 7)	12	12	0	38	0	0.24	1	0.387096774193548
100	27	Individual tool	edgeR	231	33	198	17	0.857142857142857	0.66	0.142857142857143	0.234875444839858
100	27	Individual tool	DESeq2	49	26	23	24	0.469387755102041	0.52	0.530612244897959	0.525252525252525
100	27	Individual tool	ALDEx2	23	21	2	29	0.0869565217391304	0.42	0.91304347826087	0.575342465753425
100	27	Individual tool	metaSeq	31	24	7	26	0.225806451612903	0.48	0.774193548387097	0.592592592592593
100	27	Individual tool	ADAPT	25	25	0	25	0	0.5	1	0.666666666666667
100	27	Individual tool	ANCOMBC2	101	13	88	37	0.871287128712871	0.26	0.128712871287129	0.172185430463576
100	27	Individual tool	MaAsLin3	8	8	0	42	0	0.16	1	0.275862068965517
100	27	Consensus rule	Union (1 of 7)	251	35	216	15	0.860557768924303	0.7	0.139442231075697	0.232558139534884
100	27	Consensus rule	2 of 7	102	27	75	23	0.735294117647059	0.54	0.264705882352941	0.355263157894737
100	27	Consensus rule	3 of 7	44	25	19	25	0.431818181818182	0.5	0.568181818181818	0.531914893617021
100	27	Consensus rule	4 of 7	31	24	7	26	0.225806451612903	0.48	0.774193548387097	0.592592592592593
100	27	Consensus rule	5 of 7	22	21	1	29	0.0454545454545455	0.42	0.954545454545455	0.583333333333333
100	27	Consensus rule	6 of 7	11	11	0	39	0	0.22	1	0.360655737704918
100	27	Consensus rule	Intersect (7 of 7)	7	7	0	43	0	0.14	1	0.245614035087719
100	28	Individual tool	edgeR	125	31	94	19	0.752	0.62	0.248	0.354285714285714
100	28	Individual tool	DESeq2	45	26	19	24	0.422222222222222	0.52	0.577777777777778	0.547368421052632
100	28	Individual tool	ALDEx2	17	17	0	33	0	0.34	1	0.507462686567164
100	28	Individual tool	metaSeq	33	26	7	24	0.212121212121212	0.52	0.787878787878788	0.626506024096386
100	28	Individual tool	ADAPT	25	25	0	25	0	0.5	1	0.666666666666667
100	28	Individual tool	ANCOMBC2	68	15	53	35	0.779411764705882	0.3	0.220588235294118	0.254237288135593
100	28	Individual tool	MaAsLin3	11	11	0	39	0	0.22	1	0.360655737704918
100	28	Consensus rule	Union (1 of 7)	170	35	135	15	0.794117647058823	0.7	0.205882352941176	0.318181818181818
100	28	Consensus rule	2 of 7	61	30	31	20	0.508196721311475	0.6	0.491803278688525	0.540540540540541
100	28	Consensus rule	3 of 7	31	25	6	25	0.193548387096774	0.5	0.806451612903226	0.617283950617284
100	28	Consensus rule	4 of 7	25	24	1	26	0.04	0.48	0.96	0.64
100	28	Consensus rule	5 of 7	17	17	0	33	0	0.34	1	0.507462686567164
100	28	Consensus rule	6 of 7	13	13	0	37	0	0.26	1	0.412698412698413
100	28	Consensus rule	Intersect (7 of 7)	7	7	0	43	0	0.14	1	0.245614035087719
100	29	Individual tool	edgeR	135	30	105	20	0.777777777777778	0.6	0.222222222222222	0.324324324324324
100	29	Individual tool	DESeq2	43	26	17	24	0.395348837209302	0.52	0.604651162790698	0.559139784946237
100	29	Individual tool	ALDEx2	21	21	0	29	0	0.42	1	0.591549295774648
100	29	Individual tool	metaSeq	31	25	6	25	0.193548387096774	0.5	0.806451612903226	0.617283950617284
100	29	Individual tool	ADAPT	24	24	0	26	0	0.48	1	0.648648648648649
100	29	Individual tool	ANCOMBC2	71	16	55	34	0.774647887323944	0.32	0.225352112676056	0.264462809917355
100	29	Individual tool	MaAsLin3	14	12	2	38	0.142857142857143	0.24	0.857142857142857	0.375
100	29	Consensus rule	Union (1 of 7)	175	34	141	16	0.805714285714286	0.68	0.194285714285714	0.302222222222222
100	29	Consensus rule	2 of 7	61	28	33	22	0.540983606557377	0.56	0.459016393442623	0.504504504504504
100	29	Consensus rule	3 of 7	32	25	7	25	0.21875	0.5	0.78125	0.609756097560976
100	29	Consensus rule	4 of 7	28	24	4	26	0.142857142857143	0.48	0.857142857142857	0.615384615384615
100	29	Consensus rule	5 of 7	21	21	0	29	0	0.42	1	0.591549295774648
100	29	Consensus rule	6 of 7	13	13	0	37	0	0.26	1	0.412698412698413
100	29	Consensus rule	Intersect (7 of 7)	9	9	0	41	0	0.18	1	0.305084745762712
100	30	Individual tool	edgeR	181	33	148	17	0.81767955801105	0.66	0.18232044198895	0.285714285714286
100	30	Individual tool	DESeq2	57	23	34	27	0.596491228070175	0.46	0.403508771929825	0.429906542056075
100	30	Individual tool	ALDEx2	23	18	5	32	0.217391304347826	0.36	0.782608695652174	0.493150684931507
100	30	Individual tool	metaSeq	38	23	15	27	0.394736842105263	0.46	0.605263157894737	0.522727272727273
100	30	Individual tool	ADAPT	29	24	5	26	0.172413793103448	0.48	0.827586206896552	0.607594936708861
100	30	Individual tool	ANCOMBC2	80	18	62	32	0.775	0.36	0.225	0.276923076923077
100	30	Individual tool	MaAsLin3	18	13	5	37	0.277777777777778	0.26	0.722222222222222	0.382352941176471
100	30	Consensus rule	Union (1 of 7)	217	36	181	14	0.834101382488479	0.72	0.165898617511521	0.269662921348315
100	30	Consensus rule	2 of 7	85	27	58	23	0.682352941176471	0.54	0.317647058823529	0.4
100	30	Consensus rule	3 of 7	41	23	18	27	0.439024390243902	0.46	0.560975609756098	0.505494505494506
100	30	Consensus rule	4 of 7	31	21	10	29	0.32258064516129	0.42	0.67741935483871	0.518518518518518
100	30	Consensus rule	5 of 7	23	18	5	32	0.217391304347826	0.36	0.782608695652174	0.493150684931507
100	30	Consensus rule	6 of 7	17	15	2	35	0.117647058823529	0.3	0.882352941176471	0.447761194029851
100	30	Consensus rule	Intersect (7 of 7)	12	12	0	38	0	0.24	1	0.387096774193548
100	31	Individual tool	edgeR	187	31	156	19	0.834224598930481	0.62	0.165775401069519	0.261603375527426
100	31	Individual tool	DESeq2	61	25	36	25	0.590163934426229	0.5	0.409836065573771	0.45045045045045
100	31	Individual tool	ALDEx2	28	19	9	31	0.321428571428571	0.38	0.678571428571429	0.487179487179487
100	31	Individual tool	metaSeq	38	24	14	26	0.368421052631579	0.48	0.631578947368421	0.545454545454545
100	31	Individual tool	ADAPT	25	23	2	27	0.08	0.46	0.92	0.613333333333333
100	31	Individual tool	ANCOMBC2	73	14	59	36	0.808219178082192	0.28	0.191780821917808	0.227642276422764
100	31	Individual tool	MaAsLin3	16	14	2	36	0.125	0.28	0.875	0.424242424242424
100	31	Consensus rule	Union (1 of 7)	218	32	186	18	0.853211009174312	0.64	0.146788990825688	0.238805970149254
100	31	Consensus rule	2 of 7	89	26	63	24	0.707865168539326	0.52	0.292134831460674	0.37410071942446
100	31	Consensus rule	3 of 7	37	23	14	27	0.378378378378378	0.46	0.621621621621622	0.528735632183908
100	31	Consensus rule	4 of 7	32	23	9	27	0.28125	0.46	0.71875	0.560975609756098
100	31	Consensus rule	5 of 7	26	20	6	30	0.230769230769231	0.4	0.769230769230769	0.526315789473684
100	31	Consensus rule	6 of 7	15	15	0	35	0	0.3	1	0.461538461538462
100	31	Consensus rule	Intersect (7 of 7)	11	11	0	39	0	0.22	1	0.360655737704918
100	32	Individual tool	edgeR	156	31	125	19	0.801282051282051	0.62	0.198717948717949	0.300970873786408
100	32	Individual tool	DESeq2	40	21	19	29	0.475	0.42	0.525	0.466666666666667
100	32	Individual tool	ALDEx2	19	19	0	31	0	0.38	1	0.550724637681159
100	32	Individual tool	metaSeq	25	20	5	30	0.2	0.4	0.8	0.533333333333333
100	32	Individual tool	ADAPT	25	24	1	26	0.04	0.48	0.96	0.64
100	32	Individual tool	ANCOMBC2	68	12	56	38	0.823529411764706	0.24	0.176470588235294	0.203389830508475
100	32	Individual tool	MaAsLin3	4	4	0	46	0	0.08	1	0.148148148148148
100	32	Consensus rule	Union (1 of 7)	187	32	155	18	0.828877005347594	0.64	0.171122994652406	0.270042194092827
100	32	Consensus rule	2 of 7	64	26	38	24	0.59375	0.52	0.40625	0.456140350877193
100	32	Consensus rule	3 of 7	35	24	11	26	0.314285714285714	0.48	0.685714285714286	0.564705882352941
100	32	Consensus rule	4 of 7	23	21	2	29	0.0869565217391304	0.42	0.91304347826087	0.575342465753425
100	32	Consensus rule	5 of 7	16	16	0	34	0	0.32	1	0.484848484848485
100	32	Consensus rule	6 of 7	9	9	0	41	0	0.18	1	0.305084745762712
100	32	Consensus rule	Intersect (7 of 7)	3	3	0	47	0	0.06	1	0.113207547169811
100	33	Individual tool	edgeR	148	31	117	19	0.790540540540541	0.62	0.209459459459459	0.313131313131313
100	33	Individual tool	DESeq2	32	22	10	28	0.3125	0.44	0.6875	0.536585365853659
100	33	Individual tool	ALDEx2	14	14	0	36	0	0.28	1	0.4375
100	33	Individual tool	metaSeq	23	22	1	28	0.0434782608695652	0.44	0.956521739130435	0.602739726027397
100	33	Individual tool	ADAPT	26	24	2	26	0.0769230769230769	0.48	0.923076923076923	0.631578947368421
100	33	Individual tool	ANCOMBC2	86	10	76	40	0.883720930232558	0.2	0.116279069767442	0.147058823529412
100	33	Individual tool	MaAsLin3	5	4	1	46	0.2	0.08	0.8	0.145454545454545
100	33	Consensus rule	Union (1 of 7)	194	34	160	16	0.824742268041237	0.68	0.175257731958763	0.278688524590164
100	33	Consensus rule	2 of 7	62	25	37	25	0.596774193548387	0.5	0.403225806451613	0.446428571428571
100	33	Consensus rule	3 of 7	31	23	8	27	0.258064516129032	0.46	0.741935483870968	0.567901234567901
100	33	Consensus rule	4 of 7	22	21	1	29	0.0454545454545455	0.42	0.954545454545455	0.583333333333333
100	33	Consensus rule	5 of 7	16	15	1	35	0.0625	0.3	0.9375	0.454545454545455
100	33	Consensus rule	6 of 7	6	6	0	44	0	0.12	1	0.214285714285714
100	33	Consensus rule	Intersect (7 of 7)	3	3	0	47	0	0.06	1	0.113207547169811
100	34	Individual tool	edgeR	152	30	122	20	0.802631578947368	0.6	0.197368421052632	0.297029702970297
100	34	Individual tool	DESeq2	55	25	30	25	0.545454545454545	0.5	0.454545454545455	0.476190476190476
100	34	Individual tool	ALDEx2	18	17	1	33	0.0555555555555556	0.34	0.944444444444444	0.5
100	34	Individual tool	metaSeq	27	18	9	32	0.333333333333333	0.36	0.666666666666667	0.467532467532468
100	34	Individual tool	ADAPT	25	24	1	26	0.04	0.48	0.96	0.64
100	34	Individual tool	ANCOMBC2	61	15	46	35	0.754098360655738	0.3	0.245901639344262	0.27027027027027
100	34	Individual tool	MaAsLin3	11	11	0	39	0	0.22	1	0.360655737704918
100	34	Consensus rule	Union (1 of 7)	187	33	154	17	0.823529411764706	0.66	0.176470588235294	0.278481012658228
100	34	Consensus rule	2 of 7	69	29	40	21	0.579710144927536	0.58	0.420289855072464	0.487394957983193
100	34	Consensus rule	3 of 7	31	20	11	30	0.354838709677419	0.4	0.645161290322581	0.493827160493827
100	34	Consensus rule	4 of 7	23	19	4	31	0.173913043478261	0.38	0.826086956521739	0.520547945205479
100	34	Consensus rule	5 of 7	16	16	0	34	0	0.32	1	0.484848484848485
100	34	Consensus rule	6 of 7	13	13	0	37	0	0.26	1	0.412698412698413
100	34	Consensus rule	Intersect (7 of 7)	10	10	0	40	0	0.2	1	0.333333333333333
100	35	Individual tool	edgeR	115	31	84	19	0.730434782608696	0.62	0.269565217391304	0.375757575757576
100	35	Individual tool	DESeq2	31	22	9	28	0.290322580645161	0.44	0.709677419354839	0.54320987654321
100	35	Individual tool	ALDEx2	20	20	0	30	0	0.4	1	0.571428571428572
100	35	Individual tool	metaSeq	24	24	0	26	0	0.48	1	0.648648648648649
100	35	Individual tool	ADAPT	30	25	5	25	0.166666666666667	0.5	0.833333333333333	0.625
100	35	Individual tool	ANCOMBC2	59	15	44	35	0.745762711864407	0.3	0.254237288135593	0.275229357798165
100	35	Individual tool	MaAsLin3	11	11	0	39	0	0.22	1	0.360655737704918
100	35	Consensus rule	Union (1 of 7)	154	36	118	14	0.766233766233766	0.72	0.233766233766234	0.352941176470588
100	35	Consensus rule	2 of 7	48	25	23	25	0.479166666666667	0.5	0.520833333333333	0.510204081632653
100	35	Consensus rule	3 of 7	26	25	1	25	0.0384615384615385	0.5	0.961538461538462	0.657894736842105
100	35	Consensus rule	4 of 7	21	21	0	29	0	0.42	1	0.591549295774648
100	35	Consensus rule	5 of 7	20	20	0	30	0	0.4	1	0.571428571428572
100	35	Consensus rule	6 of 7	14	14	0	36	0	0.28	1	0.4375
100	35	Consensus rule	Intersect (7 of 7)	7	7	0	43	0	0.14	1	0.245614035087719
100	36	Individual tool	edgeR	187	34	153	16	0.818181818181818	0.68	0.181818181818182	0.286919831223629
100	36	Individual tool	DESeq2	50	22	28	28	0.56	0.44	0.44	0.44
100	36	Individual tool	ALDEx2	20	20	0	30	0	0.4	1	0.571428571428572
100	36	Individual tool	metaSeq	25	22	3	28	0.12	0.44	0.88	0.586666666666667
100	36	Individual tool	ADAPT	26	24	2	26	0.0769230769230769	0.48	0.923076923076923	0.631578947368421
100	36	Individual tool	ANCOMBC2	62	14	48	36	0.774193548387097	0.28	0.225806451612903	0.25
100	36	Individual tool	MaAsLin3	10	9	1	41	0.1	0.18	0.9	0.3
100	36	Consensus rule	Union (1 of 7)	214	34	180	16	0.841121495327103	0.68	0.158878504672897	0.257575757575758
100	36	Consensus rule	2 of 7	71	27	44	23	0.619718309859155	0.54	0.380281690140845	0.446280991735537
100	36	Consensus rule	3 of 7	32	23	9	27	0.28125	0.46	0.71875	0.560975609756098
100	36	Consensus rule	4 of 7	23	21	2	29	0.0869565217391304	0.42	0.91304347826087	0.575342465753425
100	36	Consensus rule	5 of 7	20	20	0	30	0	0.4	1	0.571428571428572
100	36	Consensus rule	6 of 7	11	11	0	39	0	0.22	1	0.360655737704918
100	36	Consensus rule	Intersect (7 of 7)	9	9	0	41	0	0.18	1	0.305084745762712
100	37	Individual tool	edgeR	174	31	143	19	0.82183908045977	0.62	0.17816091954023	0.276785714285714
100	37	Individual tool	DESeq2	68	24	44	26	0.647058823529412	0.48	0.352941176470588	0.406779661016949
100	37	Individual tool	ALDEx2	18	18	0	32	0	0.36	1	0.529411764705882
100	37	Individual tool	metaSeq	29	23	6	27	0.206896551724138	0.46	0.793103448275862	0.582278481012658
100	37	Individual tool	ADAPT	26	25	1	25	0.0384615384615385	0.5	0.961538461538462	0.657894736842105
100	37	Individual tool	ANCOMBC2	53	17	36	33	0.679245283018868	0.34	0.320754716981132	0.330097087378641
100	37	Individual tool	MaAsLin3	11	11	0	39	0	0.22	1	0.360655737704918
100	37	Consensus rule	Union (1 of 7)	193	32	161	18	0.83419689119171	0.64	0.16580310880829	0.263374485596708
100	37	Consensus rule	2 of 7	83	27	56	23	0.674698795180723	0.54	0.325301204819277	0.406015037593985
100	37	Consensus rule	3 of 7	35	24	11	26	0.314285714285714	0.48	0.685714285714286	0.564705882352941
100	37	Consensus rule	4 of 7	24	22	2	28	0.0833333333333333	0.44	0.916666666666667	0.594594594594595
100	37	Consensus rule	5 of 7	20	20	0	30	0	0.4	1	0.571428571428572
100	37	Consensus rule	6 of 7	15	15	0	35	0	0.3	1	0.461538461538462
100	37	Consensus rule	Intersect (7 of 7)	9	9	0	41	0	0.18	1	0.305084745762712
100	38	Individual tool	edgeR	143	33	110	17	0.769230769230769	0.66	0.230769230769231	0.341968911917098
100	38	Individual tool	DESeq2	44	22	22	28	0.5	0.44	0.5	0.468085106382979
100	38	Individual tool	ALDEx2	18	18	0	32	0	0.36	1	0.529411764705882
100	38	Individual tool	metaSeq	26	23	3	27	0.115384615384615	0.46	0.884615384615385	0.605263157894737
100	38	Individual tool	ADAPT	23	23	0	27	0	0.46	1	0.63013698630137
100	38	Individual tool	ANCOMBC2	62	14	48	36	0.774193548387097	0.28	0.225806451612903	0.25
100	38	Individual tool	MaAsLin3	12	12	0	38	0	0.24	1	0.387096774193548
100	38	Consensus rule	Union (1 of 7)	179	36	143	14	0.798882681564246	0.72	0.201117318435754	0.314410480349345
100	38	Consensus rule	2 of 7	61	25	36	25	0.590163934426229	0.5	0.409836065573771	0.45045045045045
100	38	Consensus rule	3 of 7	27	23	4	27	0.148148148148148	0.46	0.851851851851852	0.597402597402597
100	38	Consensus rule	4 of 7	22	22	0	28	0	0.44	1	0.611111111111111
100	38	Consensus rule	5 of 7	18	18	0	32	0	0.36	1	0.529411764705882
100	38	Consensus rule	6 of 7	14	14	0	36	0	0.28	1	0.4375
100	38	Consensus rule	Intersect (7 of 7)	7	7	0	43	0	0.14	1	0.245614035087719
100	39	Individual tool	edgeR	195	34	161	16	0.825641025641026	0.68	0.174358974358974	0.277551020408163
100	39	Individual tool	DESeq2	49	23	26	27	0.530612244897959	0.46	0.469387755102041	0.464646464646465
100	39	Individual tool	ALDEx2	29	15	14	35	0.482758620689655	0.3	0.517241379310345	0.379746835443038
100	39	Individual tool	metaSeq	27	23	4	27	0.148148148148148	0.46	0.851851851851852	0.597402597402597
100	39	Individual tool	ADAPT	27	26	1	24	0.037037037037037	0.52	0.962962962962963	0.675324675324675
100	39	Individual tool	ANCOMBC2	81	11	70	39	0.864197530864197	0.22	0.135802469135802	0.16793893129771
100	39	Individual tool	MaAsLin3	10	9	1	41	0.1	0.18	0.9	0.3
100	39	Consensus rule	Union (1 of 7)	231	36	195	14	0.844155844155844	0.72	0.155844155844156	0.256227758007117
100	39	Consensus rule	2 of 7	92	26	66	24	0.717391304347826	0.52	0.282608695652174	0.366197183098592
100	39	Consensus rule	3 of 7	32	23	9	27	0.28125	0.46	0.71875	0.560975609756098
100	39	Consensus rule	4 of 7	26	22	4	28	0.153846153846154	0.44	0.846153846153846	0.578947368421053
100	39	Consensus rule	5 of 7	18	15	3	35	0.166666666666667	0.3	0.833333333333333	0.441176470588235
100	39	Consensus rule	6 of 7	11	11	0	39	0	0.22	1	0.360655737704918
100	39	Consensus rule	Intersect (7 of 7)	8	8	0	42	0	0.16	1	0.275862068965517
100	40	Individual tool	edgeR	211	40	171	10	0.81042654028436	0.8	0.18957345971564	0.306513409961686
100	40	Individual tool	DESeq2	58	25	33	25	0.568965517241379	0.5	0.431034482758621	0.462962962962963
100	40	Individual tool	ALDEx2	20	17	3	33	0.15	0.34	0.85	0.485714285714286
100	40	Individual tool	metaSeq	31	23	8	27	0.258064516129032	0.46	0.741935483870968	0.567901234567901
100	40	Individual tool	ADAPT	26	24	2	26	0.0769230769230769	0.48	0.923076923076923	0.631578947368421
100	40	Individual tool	ANCOMBC2	59	17	42	33	0.711864406779661	0.34	0.288135593220339	0.311926605504587
100	40	Individual tool	MaAsLin3	10	10	0	40	0	0.2	1	0.333333333333333
100	40	Consensus rule	Union (1 of 7)	233	41	192	9	0.824034334763948	0.82	0.175965665236052	0.289752650176678
100	40	Consensus rule	2 of 7	81	28	53	22	0.654320987654321	0.56	0.345679012345679	0.427480916030534
100	40	Consensus rule	3 of 7	34	25	9	25	0.264705882352941	0.5	0.735294117647059	0.595238095238095
100	40	Consensus rule	4 of 7	27	23	4	27	0.148148148148148	0.46	0.851851851851852	0.597402597402597
100	40	Consensus rule	5 of 7	20	19	1	31	0.05	0.38	0.95	0.542857142857143
100	40	Consensus rule	6 of 7	12	12	0	38	0	0.24	1	0.387096774193548
100	40	Consensus rule	Intersect (7 of 7)	8	8	0	42	0	0.16	1	0.275862068965517
100	41	Individual tool	edgeR	168	32	136	18	0.80952380952381	0.64	0.19047619047619	0.293577981651376
100	41	Individual tool	DESeq2	65	25	40	25	0.615384615384615	0.5	0.384615384615385	0.434782608695652
100	41	Individual tool	ALDEx2	25	20	5	30	0.2	0.4	0.8	0.533333333333333
100	41	Individual tool	metaSeq	27	23	4	27	0.148148148148148	0.46	0.851851851851852	0.597402597402597
100	41	Individual tool	ADAPT	27	25	2	25	0.0740740740740741	0.5	0.925925925925926	0.649350649350649
100	41	Individual tool	ANCOMBC2	59	17	42	33	0.711864406779661	0.34	0.288135593220339	0.311926605504587
100	41	Individual tool	MaAsLin3	15	14	1	36	0.0666666666666667	0.28	0.933333333333333	0.430769230769231
100	41	Consensus rule	Union (1 of 7)	188	34	154	16	0.819148936170213	0.68	0.180851063829787	0.285714285714286
100	41	Consensus rule	2 of 7	85	28	57	22	0.670588235294118	0.56	0.329411764705882	0.414814814814815
100	41	Consensus rule	3 of 7	38	25	13	25	0.342105263157895	0.5	0.657894736842105	0.568181818181818
100	41	Consensus rule	4 of 7	29	25	4	25	0.137931034482759	0.5	0.862068965517241	0.632911392405063
100	41	Consensus rule	5 of 7	22	20	2	30	0.0909090909090909	0.4	0.909090909090909	0.555555555555556
100	41	Consensus rule	6 of 7	14	14	0	36	0	0.28	1	0.4375
100	41	Consensus rule	Intersect (7 of 7)	10	10	0	40	0	0.2	1	0.333333333333333
100	42	Individual tool	edgeR	162	32	130	18	0.802469135802469	0.64	0.197530864197531	0.30188679245283
100	42	Individual tool	DESeq2	47	25	22	25	0.468085106382979	0.5	0.531914893617021	0.515463917525773
100	42	Individual tool	ALDEx2	19	19	0	31	0	0.38	1	0.550724637681159
100	42	Individual tool	metaSeq	27	23	4	27	0.148148148148148	0.46	0.851851851851852	0.597402597402597
100	42	Individual tool	ADAPT	24	24	0	26	0	0.48	1	0.648648648648649
100	42	Individual tool	ANCOMBC2	69	15	54	35	0.782608695652174	0.3	0.217391304347826	0.252100840336134
100	42	Individual tool	MaAsLin3	10	10	0	40	0	0.2	1	0.333333333333333
100	42	Consensus rule	Union (1 of 7)	201	37	164	13	0.81592039800995	0.74	0.18407960199005	0.294820717131474
100	42	Consensus rule	2 of 7	59	26	33	24	0.559322033898305	0.52	0.440677966101695	0.477064220183486
100	42	Consensus rule	3 of 7	35	25	10	25	0.285714285714286	0.5	0.714285714285714	0.588235294117647
100	42	Consensus rule	4 of 7	28	25	3	25	0.107142857142857	0.5	0.892857142857143	0.641025641025641
100	42	Consensus rule	5 of 7	18	18	0	32	0	0.36	1	0.529411764705882
100	42	Consensus rule	6 of 7	9	9	0	41	0	0.18	1	0.305084745762712
100	42	Consensus rule	Intersect (7 of 7)	8	8	0	42	0	0.16	1	0.275862068965517
100	43	Individual tool	edgeR	181	29	152	21	0.839779005524862	0.58	0.160220994475138	0.251082251082251
100	43	Individual tool	DESeq2	36	24	12	26	0.333333333333333	0.48	0.666666666666667	0.558139534883721
100	43	Individual tool	ALDEx2	15	15	0	35	0	0.3	1	0.461538461538462
100	43	Individual tool	metaSeq	23	21	2	29	0.0869565217391304	0.42	0.91304347826087	0.575342465753425
100	43	Individual tool	ADAPT	26	25	1	25	0.0384615384615385	0.5	0.961538461538462	0.657894736842105
100	43	Individual tool	ANCOMBC2	71	11	60	39	0.845070422535211	0.22	0.154929577464789	0.181818181818182
100	43	Individual tool	MaAsLin3	10	8	2	42	0.2	0.16	0.8	0.266666666666667
100	43	Consensus rule	Union (1 of 7)	213	31	182	19	0.854460093896714	0.62	0.145539906103286	0.23574144486692
100	43	Consensus rule	2 of 7	68	27	41	23	0.602941176470588	0.54	0.397058823529412	0.457627118644068
100	43	Consensus rule	3 of 7	27	23	4	27	0.148148148148148	0.46	0.851851851851852	0.597402597402597
100	43	Consensus rule	4 of 7	24	22	2	28	0.0833333333333333	0.44	0.916666666666667	0.594594594594595
100	43	Consensus rule	5 of 7	14	14	0	36	0	0.28	1	0.4375
100	43	Consensus rule	6 of 7	9	9	0	41	0	0.18	1	0.305084745762712
100	43	Consensus rule	Intersect (7 of 7)	7	7	0	43	0	0.14	1	0.245614035087719
100	44	Individual tool	edgeR	118	28	90	22	0.76271186440678	0.56	0.23728813559322	0.333333333333333
100	44	Individual tool	DESeq2	38	22	16	28	0.421052631578947	0.44	0.578947368421053	0.5
100	44	Individual tool	ALDEx2	18	18	0	32	0	0.36	1	0.529411764705882
100	44	Individual tool	metaSeq	23	21	2	29	0.0869565217391304	0.42	0.91304347826087	0.575342465753425
100	44	Individual tool	ADAPT	25	24	1	26	0.04	0.48	0.96	0.64
100	44	Individual tool	ANCOMBC2	76	18	58	32	0.763157894736842	0.36	0.236842105263158	0.285714285714286
100	44	Individual tool	MaAsLin3	9	9	0	41	0	0.18	1	0.305084745762712
100	44	Consensus rule	Union (1 of 7)	160	29	131	21	0.81875	0.58	0.18125	0.276190476190476
100	44	Consensus rule	2 of 7	54	25	29	25	0.537037037037037	0.5	0.462962962962963	0.480769230769231
100	44	Consensus rule	3 of 7	29	24	5	26	0.172413793103448	0.48	0.827586206896552	0.607594936708861
100	44	Consensus rule	4 of 7	23	21	2	29	0.0869565217391304	0.42	0.91304347826087	0.575342465753425
100	44	Consensus rule	5 of 7	19	19	0	31	0	0.38	1	0.550724637681159
100	44	Consensus rule	6 of 7	13	13	0	37	0	0.26	1	0.412698412698413
100	44	Consensus rule	Intersect (7 of 7)	9	9	0	41	0	0.18	1	0.305084745762712
100	45	Individual tool	edgeR	190	33	157	17	0.826315789473684	0.66	0.173684210526316	0.275
100	45	Individual tool	DESeq2	56	24	32	26	0.571428571428571	0.48	0.428571428571429	0.452830188679245
100	45	Individual tool	ALDEx2	23	23	0	27	0	0.46	1	0.63013698630137
100	45	Individual tool	metaSeq	35	25	10	25	0.285714285714286	0.5	0.714285714285714	0.588235294117647
100	45	Individual tool	ADAPT	28	24	4	26	0.142857142857143	0.48	0.857142857142857	0.615384615384615
100	45	Individual tool	ANCOMBC2	56	17	39	33	0.696428571428571	0.34	0.303571428571429	0.320754716981132
100	45	Individual tool	MaAsLin3	16	15	1	35	0.0625	0.3	0.9375	0.454545454545455
100	45	Consensus rule	Union (1 of 7)	207	33	174	17	0.840579710144927	0.66	0.159420289855072	0.256809338521401
100	45	Consensus rule	2 of 7	78	27	51	23	0.653846153846154	0.54	0.346153846153846	0.421875
100	45	Consensus rule	3 of 7	38	24	14	26	0.368421052631579	0.48	0.631578947368421	0.545454545454545
100	45	Consensus rule	4 of 7	27	24	3	26	0.111111111111111	0.48	0.888888888888889	0.623376623376623
100	45	Consensus rule	5 of 7	24	23	1	27	0.0416666666666667	0.46	0.958333333333333	0.621621621621622
100	45	Consensus rule	6 of 7	16	16	0	34	0	0.32	1	0.484848484848485
100	45	Consensus rule	Intersect (7 of 7)	14	14	0	36	0	0.28	1	0.4375
100	46	Individual tool	edgeR	209	33	176	17	0.842105263157895	0.66	0.157894736842105	0.254826254826255
100	46	Individual tool	DESeq2	50	26	24	24	0.48	0.52	0.52	0.52
100	46	Individual tool	ALDEx2	20	19	1	31	0.05	0.38	0.95	0.542857142857143
100	46	Individual tool	metaSeq	36	24	12	26	0.333333333333333	0.48	0.666666666666667	0.558139534883721
100	46	Individual tool	ADAPT	27	25	2	25	0.0740740740740741	0.5	0.925925925925926	0.649350649350649
100	46	Individual tool	ANCOMBC2	82	15	67	35	0.817073170731707	0.3	0.182926829268293	0.227272727272727
100	46	Individual tool	MaAsLin3	14	14	0	36	0	0.28	1	0.4375
100	46	Consensus rule	Union (1 of 7)	236	35	201	15	0.851694915254237	0.7	0.148305084745763	0.244755244755245
100	46	Consensus rule	2 of 7	89	27	62	23	0.696629213483146	0.54	0.303370786516854	0.388489208633094
100	46	Consensus rule	3 of 7	38	25	13	25	0.342105263157895	0.5	0.657894736842105	0.568181818181818
100	46	Consensus rule	4 of 7	29	24	5	26	0.172413793103448	0.48	0.827586206896552	0.607594936708861
100	46	Consensus rule	5 of 7	23	22	1	28	0.0434782608695652	0.44	0.956521739130435	0.602739726027397
100	46	Consensus rule	6 of 7	13	13	0	37	0	0.26	1	0.412698412698413
100	46	Consensus rule	Intersect (7 of 7)	10	10	0	40	0	0.2	1	0.333333333333333
100	47	Individual tool	edgeR	189	30	159	20	0.841269841269841	0.6	0.158730158730159	0.251046025104602
100	47	Individual tool	DESeq2	58	25	33	25	0.568965517241379	0.5	0.431034482758621	0.462962962962963
100	47	Individual tool	ALDEx2	24	17	7	33	0.291666666666667	0.34	0.708333333333333	0.45945945945946
100	47	Individual tool	metaSeq	43	24	19	26	0.441860465116279	0.48	0.558139534883721	0.516129032258064
100	47	Individual tool	ADAPT	26	25	1	25	0.0384615384615385	0.5	0.961538461538462	0.657894736842105
100	47	Individual tool	ANCOMBC2	78	20	58	30	0.743589743589744	0.4	0.256410256410256	0.3125
100	47	Individual tool	MaAsLin3	16	15	1	35	0.0625	0.3	0.9375	0.454545454545455
100	47	Consensus rule	Union (1 of 7)	219	33	186	17	0.849315068493151	0.66	0.150684931506849	0.245353159851301
100	47	Consensus rule	2 of 7	92	28	64	22	0.695652173913043	0.56	0.304347826086957	0.394366197183099
100	47	Consensus rule	3 of 7	46	25	21	25	0.456521739130435	0.5	0.543478260869565	0.520833333333333
100	47	Consensus rule	4 of 7	31	24	7	26	0.225806451612903	0.48	0.774193548387097	0.592592592592593
100	47	Consensus rule	5 of 7	21	21	0	29	0	0.42	1	0.591549295774648
100	47	Consensus rule	6 of 7	15	15	0	35	0	0.3	1	0.461538461538462
100	47	Consensus rule	Intersect (7 of 7)	10	10	0	40	0	0.2	1	0.333333333333333
100	48	Individual tool	edgeR	111	29	82	21	0.738738738738739	0.58	0.261261261261261	0.360248447204969
100	48	Individual tool	DESeq2	34	22	12	28	0.352941176470588	0.44	0.647058823529412	0.523809523809524
100	48	Individual tool	ALDEx2	16	16	0	34	0	0.32	1	0.484848484848485
100	48	Individual tool	metaSeq	23	20	3	30	0.130434782608696	0.4	0.869565217391304	0.547945205479452
100	48	Individual tool	ADAPT	23	23	0	27	0	0.46	1	0.63013698630137
100	48	Individual tool	ANCOMBC2	58	12	46	38	0.793103448275862	0.24	0.206896551724138	0.222222222222222
100	48	Individual tool	MaAsLin3	7	7	0	43	0	0.14	1	0.245614035087719
100	48	Consensus rule	Union (1 of 7)	148	31	117	19	0.790540540540541	0.62	0.209459459459459	0.313131313131313
100	48	Consensus rule	2 of 7	46	24	22	26	0.478260869565217	0.48	0.521739130434783	0.5
100	48	Consensus rule	3 of 7	26	22	4	28	0.153846153846154	0.44	0.846153846153846	0.578947368421053
100	48	Consensus rule	4 of 7	20	20	0	30	0	0.4	1	0.571428571428572
100	48	Consensus rule	5 of 7	16	16	0	34	0	0.32	1	0.484848484848485
100	48	Consensus rule	6 of 7	9	9	0	41	0	0.18	1	0.305084745762712
100	48	Consensus rule	Intersect (7 of 7)	7	7	0	43	0	0.14	1	0.245614035087719
100	49	Individual tool	edgeR	197	31	166	19	0.842639593908629	0.62	0.157360406091371	0.251012145748988
100	49	Individual tool	DESeq2	58	22	36	28	0.620689655172414	0.44	0.379310344827586	0.407407407407407
100	49	Individual tool	ALDEx2	29	20	9	30	0.310344827586207	0.4	0.689655172413793	0.506329113924051
100	49	Individual tool	metaSeq	30	21	9	29	0.3	0.42	0.7	0.525
100	49	Individual tool	ADAPT	24	24	0	26	0	0.48	1	0.648648648648649
100	49	Individual tool	ANCOMBC2	78	16	62	34	0.794871794871795	0.32	0.205128205128205	0.25
100	49	Individual tool	MaAsLin3	15	13	2	37	0.133333333333333	0.26	0.866666666666667	0.4
100	49	Consensus rule	Union (1 of 7)	221	36	185	14	0.83710407239819	0.72	0.16289592760181	0.265682656826568
100	49	Consensus rule	2 of 7	97	26	71	24	0.731958762886598	0.52	0.268041237113402	0.353741496598639
100	49	Consensus rule	3 of 7	39	23	16	27	0.41025641025641	0.46	0.58974358974359	0.51685393258427
100	49	Consensus rule	4 of 7	30	21	9	29	0.3	0.42	0.7	0.525
100	49	Consensus rule	5 of 7	22	19	3	31	0.136363636363636	0.38	0.863636363636364	0.527777777777778
100	49	Consensus rule	6 of 7	13	13	0	37	0	0.26	1	0.412698412698413
100	49	Consensus rule	Intersect (7 of 7)	9	9	0	41	0	0.18	1	0.305084745762712
100	50	Individual tool	edgeR	177	34	143	16	0.807909604519774	0.68	0.192090395480226	0.299559471365639
100	50	Individual tool	DESeq2	67	25	42	25	0.626865671641791	0.5	0.373134328358209	0.427350427350427
100	50	Individual tool	ALDEx2	21	21	0	29	0	0.42	1	0.591549295774648
100	50	Individual tool	metaSeq	34	24	10	26	0.294117647058824	0.48	0.705882352941177	0.571428571428571
100	50	Individual tool	ADAPT	25	25	0	25	0	0.5	1	0.666666666666667
100	50	Individual tool	ANCOMBC2	73	17	56	33	0.767123287671233	0.34	0.232876712328767	0.276422764227642
100	50	Individual tool	MaAsLin3	15	14	1	36	0.0666666666666667	0.28	0.933333333333333	0.430769230769231
100	50	Consensus rule	Union (1 of 7)	209	36	173	14	0.827751196172249	0.72	0.172248803827751	0.277992277992278
100	50	Consensus rule	2 of 7	87	27	60	23	0.689655172413793	0.54	0.310344827586207	0.394160583941606
100	50	Consensus rule	3 of 7	41	26	15	24	0.365853658536585	0.52	0.634146341463415	0.571428571428571
100	50	Consensus rule	4 of 7	28	24	4	26	0.142857142857143	0.48	0.857142857142857	0.615384615384615
100	50	Consensus rule	5 of 7	21	21	0	29	0	0.42	1	0.591549295774648
100	50	Consensus rule	6 of 7	14	14	0	36	0	0.28	1	0.4375
100	50	Consensus rule	Intersect (7 of 7)	12	12	0	38	0	0.24	1	0.387096774193548
100	51	Individual tool	edgeR	130	30	100	20	0.769230769230769	0.6	0.230769230769231	0.333333333333333
100	51	Individual tool	DESeq2	40	23	17	27	0.425	0.46	0.575	0.511111111111111
100	51	Individual tool	ALDEx2	16	16	0	34	0	0.32	1	0.484848484848485
100	51	Individual tool	metaSeq	22	21	1	29	0.0454545454545455	0.42	0.954545454545455	0.583333333333333
100	51	Individual tool	ADAPT	24	24	0	26	0	0.48	1	0.648648648648649
100	51	Individual tool	ANCOMBC2	51	12	39	38	0.764705882352941	0.24	0.235294117647059	0.237623762376238
100	51	Individual tool	MaAsLin3	10	9	1	41	0.1	0.18	0.9	0.3
100	51	Consensus rule	Union (1 of 7)	157	31	126	19	0.802547770700637	0.62	0.197452229299363	0.29951690821256
100	51	Consensus rule	2 of 7	53	26	27	24	0.509433962264151	0.52	0.490566037735849	0.504854368932039
100	51	Consensus rule	3 of 7	26	22	4	28	0.153846153846154	0.44	0.846153846153846	0.578947368421053
100	51	Consensus rule	4 of 7	23	22	1	28	0.0434782608695652	0.44	0.956521739130435	0.602739726027397
100	51	Consensus rule	5 of 7	16	16	0	34	0	0.32	1	0.484848484848485
100	51	Consensus rule	6 of 7	11	11	0	39	0	0.22	1	0.360655737704918
100	51	Consensus rule	Intersect (7 of 7)	7	7	0	43	0	0.14	1	0.245614035087719
100	52	Individual tool	edgeR	169	30	139	20	0.822485207100592	0.6	0.177514792899408	0.273972602739726
100	52	Individual tool	DESeq2	39	24	15	26	0.384615384615385	0.48	0.615384615384615	0.539325842696629
100	52	Individual tool	ALDEx2	21	21	0	29	0	0.42	1	0.591549295774648
100	52	Individual tool	metaSeq	28	25	3	25	0.107142857142857	0.5	0.892857142857143	0.641025641025641
100	52	Individual tool	ADAPT	29	25	4	25	0.137931034482759	0.5	0.862068965517241	0.632911392405063
100	52	Individual tool	ANCOMBC2	64	21	43	29	0.671875	0.42	0.328125	0.368421052631579
100	52	Individual tool	MaAsLin3	12	12	0	38	0	0.24	1	0.387096774193548
100	52	Consensus rule	Union (1 of 7)	196	33	163	17	0.831632653061224	0.66	0.168367346938776	0.268292682926829
100	52	Consensus rule	2 of 7	63	28	35	22	0.555555555555556	0.56	0.444444444444444	0.495575221238938
100	52	Consensus rule	3 of 7	30	25	5	25	0.166666666666667	0.5	0.833333333333333	0.625
100	52	Consensus rule	4 of 7	24	23	1	27	0.0416666666666667	0.46	0.958333333333333	0.621621621621622
100	52	Consensus rule	5 of 7	23	23	0	27	0	0.46	1	0.63013698630137
100	52	Consensus rule	6 of 7	15	15	0	35	0	0.3	1	0.461538461538462
100	52	Consensus rule	Intersect (7 of 7)	11	11	0	39	0	0.22	1	0.360655737704918
100	53	Individual tool	edgeR	139	29	110	21	0.79136690647482	0.58	0.20863309352518	0.306878306878307
100	53	Individual tool	DESeq2	42	22	20	28	0.476190476190476	0.44	0.523809523809524	0.478260869565217
100	53	Individual tool	ALDEx2	17	17	0	33	0	0.34	1	0.507462686567164
100	53	Individual tool	metaSeq	26	22	4	28	0.153846153846154	0.44	0.846153846153846	0.578947368421053
100	53	Individual tool	ADAPT	26	24	2	26	0.0769230769230769	0.48	0.923076923076923	0.631578947368421
100	53	Individual tool	ANCOMBC2	71	18	53	32	0.746478873239437	0.36	0.253521126760563	0.297520661157025
100	53	Individual tool	MaAsLin3	13	13	0	37	0	0.26	1	0.412698412698413
100	53	Consensus rule	Union (1 of 7)	175	30	145	20	0.828571428571429	0.6	0.171428571428571	0.266666666666667
100	53	Consensus rule	2 of 7	59	25	34	25	0.576271186440678	0.5	0.423728813559322	0.458715596330275
100	53	Consensus rule	3 of 7	29	23	6	27	0.206896551724138	0.46	0.793103448275862	0.582278481012658
100	53	Consensus rule	4 of 7	25	22	3	28	0.12	0.44	0.88	0.586666666666667
100	53	Consensus rule	5 of 7	19	18	1	32	0.0526315789473684	0.36	0.947368421052632	0.521739130434783
100	53	Consensus rule	6 of 7	15	15	0	35	0	0.3	1	0.461538461538462
100	53	Consensus rule	Intersect (7 of 7)	12	12	0	38	0	0.24	1	0.387096774193548
100	54	Individual tool	edgeR	184	32	152	18	0.826086956521739	0.64	0.173913043478261	0.273504273504274
100	54	Individual tool	DESeq2	52	23	29	27	0.557692307692308	0.46	0.442307692307692	0.450980392156863
100	54	Individual tool	ALDEx2	25	22	3	28	0.12	0.44	0.88	0.586666666666667
100	54	Individual tool	metaSeq	27	21	6	29	0.222222222222222	0.42	0.777777777777778	0.545454545454545
100	54	Individual tool	ADAPT	24	23	1	27	0.0416666666666667	0.46	0.958333333333333	0.621621621621622
100	54	Individual tool	ANCOMBC2	64	17	47	33	0.734375	0.34	0.265625	0.298245614035088
100	54	Individual tool	MaAsLin3	11	11	0	39	0	0.22	1	0.360655737704918
100	54	Consensus rule	Union (1 of 7)	209	35	174	15	0.832535885167464	0.7	0.167464114832536	0.27027027027027
100	54	Consensus rule	2 of 7	76	26	50	24	0.657894736842105	0.52	0.342105263157895	0.412698412698413
100	54	Consensus rule	3 of 7	32	22	10	28	0.3125	0.44	0.6875	0.536585365853659
100	54	Consensus rule	4 of 7	25	22	3	28	0.12	0.44	0.88	0.586666666666667
100	54	Consensus rule	5 of 7	22	21	1	29	0.0454545454545455	0.42	0.954545454545455	0.583333333333333
100	54	Consensus rule	6 of 7	14	14	0	36	0	0.28	1	0.4375
100	54	Consensus rule	Intersect (7 of 7)	9	9	0	41	0	0.18	1	0.305084745762712
100	55	Individual tool	edgeR	124	30	94	20	0.758064516129032	0.6	0.241935483870968	0.344827586206897
100	55	Individual tool	DESeq2	38	24	14	26	0.368421052631579	0.48	0.631578947368421	0.545454545454545
100	55	Individual tool	ALDEx2	19	19	0	31	0	0.38	1	0.550724637681159
100	55	Individual tool	metaSeq	30	24	6	26	0.2	0.48	0.8	0.6
100	55	Individual tool	ADAPT	27	25	2	25	0.0740740740740741	0.5	0.925925925925926	0.649350649350649
100	55	Individual tool	ANCOMBC2	55	15	40	35	0.727272727272727	0.3	0.272727272727273	0.285714285714286
100	55	Individual tool	MaAsLin3	15	15	0	35	0	0.3	1	0.461538461538462
100	55	Consensus rule	Union (1 of 7)	163	34	129	16	0.791411042944785	0.68	0.208588957055215	0.31924882629108
100	55	Consensus rule	2 of 7	47	25	22	25	0.468085106382979	0.5	0.531914893617021	0.515463917525773
100	55	Consensus rule	3 of 7	29	25	4	25	0.137931034482759	0.5	0.862068965517241	0.632911392405063
100	55	Consensus rule	4 of 7	24	23	1	27	0.0416666666666667	0.46	0.958333333333333	0.621621621621622
100	55	Consensus rule	5 of 7	18	18	0	32	0	0.36	1	0.529411764705882
100	55	Consensus rule	6 of 7	15	15	0	35	0	0.3	1	0.461538461538462
100	55	Consensus rule	Intersect (7 of 7)	12	12	0	38	0	0.24	1	0.387096774193548
100	56	Individual tool	edgeR	168	24	144	26	0.857142857142857	0.48	0.142857142857143	0.220183486238532
100	56	Individual tool	DESeq2	56	22	34	28	0.607142857142857	0.44	0.392857142857143	0.415094339622641
100	56	Individual tool	ALDEx2	18	18	0	32	0	0.36	1	0.529411764705882
100	56	Individual tool	metaSeq	30	20	10	30	0.333333333333333	0.4	0.666666666666667	0.5
100	56	Individual tool	ADAPT	28	24	4	26	0.142857142857143	0.48	0.857142857142857	0.615384615384615
100	56	Individual tool	ANCOMBC2	88	13	75	37	0.852272727272727	0.26	0.147727272727273	0.188405797101449
100	56	Individual tool	MaAsLin3	12	9	3	41	0.25	0.18	0.75	0.290322580645161
100	56	Consensus rule	Union (1 of 7)	216	27	189	23	0.875	0.54	0.125	0.203007518796992
100	56	Consensus rule	2 of 7	90	23	67	27	0.744444444444444	0.46	0.255555555555556	0.328571428571429
100	56	Consensus rule	3 of 7	35	23	12	27	0.342857142857143	0.46	0.657142857142857	0.541176470588235
100	56	Consensus rule	4 of 7	22	21	1	29	0.0454545454545455	0.42	0.954545454545455	0.583333333333333
100	56	Consensus rule	5 of 7	19	18	1	32	0.0526315789473684	0.36	0.947368421052632	0.521739130434783
100	56	Consensus rule	6 of 7	11	11	0	39	0	0.22	1	0.360655737704918
100	56	Consensus rule	Intersect (7 of 7)	7	7	0	43	0	0.14	1	0.245614035087719
100	57	Individual tool	edgeR	134	27	107	23	0.798507462686567	0.54	0.201492537313433	0.293478260869565
100	57	Individual tool	DESeq2	32	21	11	29	0.34375	0.42	0.65625	0.51219512195122
100	57	Individual tool	ALDEx2	18	18	0	32	0	0.36	1	0.529411764705882
100	57	Individual tool	metaSeq	25	22	3	28	0.12	0.44	0.88	0.586666666666667
100	57	Individual tool	ADAPT	29	24	5	26	0.172413793103448	0.48	0.827586206896552	0.607594936708861
100	57	Individual tool	ANCOMBC2	80	15	65	35	0.8125	0.3	0.1875	0.230769230769231
100	57	Individual tool	MaAsLin3	10	10	0	40	0	0.2	1	0.333333333333333
100	57	Consensus rule	Union (1 of 7)	179	30	149	20	0.832402234636871	0.6	0.167597765363128	0.262008733624454
100	57	Consensus rule	2 of 7	61	25	36	25	0.590163934426229	0.5	0.409836065573771	0.45045045045045
100	57	Consensus rule	3 of 7	28	23	5	27	0.178571428571429	0.46	0.821428571428571	0.58974358974359
100	57	Consensus rule	4 of 7	22	21	1	29	0.0454545454545455	0.42	0.954545454545455	0.583333333333333
100	57	Consensus rule	5 of 7	18	18	0	32	0	0.36	1	0.529411764705882
100	57	Consensus rule	6 of 7	12	12	0	38	0	0.24	1	0.387096774193548
100	57	Consensus rule	Intersect (7 of 7)	8	8	0	42	0	0.16	1	0.275862068965517
100	58	Individual tool	edgeR	133	33	100	17	0.75187969924812	0.66	0.24812030075188	0.360655737704918
100	58	Individual tool	DESeq2	30	23	7	27	0.233333333333333	0.46	0.766666666666667	0.575
100	58	Individual tool	ALDEx2	18	18	0	32	0	0.36	1	0.529411764705882
100	58	Individual tool	metaSeq	24	23	1	27	0.0416666666666667	0.46	0.958333333333333	0.621621621621622
100	58	Individual tool	ADAPT	26	25	1	25	0.0384615384615385	0.5	0.961538461538462	0.657894736842105
100	58	Individual tool	ANCOMBC2	68	15	53	35	0.779411764705882	0.3	0.220588235294118	0.254237288135593
100	58	Individual tool	MaAsLin3	7	7	0	43	0	0.14	1	0.245614035087719
100	58	Consensus rule	Union (1 of 7)	166	35	131	15	0.789156626506024	0.7	0.210843373493976	0.324074074074074
100	58	Consensus rule	2 of 7	55	28	27	22	0.490909090909091	0.56	0.509090909090909	0.533333333333333
100	58	Consensus rule	3 of 7	28	24	4	26	0.142857142857143	0.48	0.857142857142857	0.615384615384615
100	58	Consensus rule	4 of 7	23	23	0	27	0	0.46	1	0.63013698630137
100	58	Consensus rule	5 of 7	17	17	0	33	0	0.34	1	0.507462686567164
100	58	Consensus rule	6 of 7	10	10	0	40	0	0.2	1	0.333333333333333
100	58	Consensus rule	Intersect (7 of 7)	7	7	0	43	0	0.14	1	0.245614035087719
100	59	Individual tool	edgeR	184	32	152	18	0.826086956521739	0.64	0.173913043478261	0.273504273504274
100	59	Individual tool	DESeq2	52	23	29	27	0.557692307692308	0.46	0.442307692307692	0.450980392156863
100	59	Individual tool	ALDEx2	27	19	8	31	0.296296296296296	0.38	0.703703703703704	0.493506493506494
100	59	Individual tool	metaSeq	27	23	4	27	0.148148148148148	0.46	0.851851851851852	0.597402597402597
100	59	Individual tool	ADAPT	25	25	0	25	0	0.5	1	0.666666666666667
100	59	Individual tool	ANCOMBC2	60	12	48	38	0.8	0.24	0.2	0.218181818181818
100	59	Individual tool	MaAsLin3	13	9	4	41	0.307692307692308	0.18	0.692307692307692	0.285714285714286
100	59	Consensus rule	Union (1 of 7)	201	34	167	16	0.830845771144279	0.68	0.169154228855721	0.270916334661355
100	59	Consensus rule	2 of 7	80	26	54	24	0.675	0.52	0.325	0.4
100	59	Consensus rule	3 of 7	37	23	14	27	0.378378378378378	0.46	0.621621621621622	0.528735632183908
100	59	Consensus rule	4 of 7	29	22	7	28	0.241379310344828	0.44	0.758620689655172	0.556962025316456
100	59	Consensus rule	5 of 7	22	20	2	30	0.0909090909090909	0.4	0.909090909090909	0.555555555555556
100	59	Consensus rule	6 of 7	11	10	1	40	0.0909090909090909	0.2	0.909090909090909	0.327868852459016
100	59	Consensus rule	Intersect (7 of 7)	8	8	0	42	0	0.16	1	0.275862068965517
100	60	Individual tool	edgeR	140	23	117	27	0.835714285714286	0.46	0.164285714285714	0.242105263157895
100	60	Individual tool	DESeq2	37	21	16	29	0.432432432432432	0.42	0.567567567567568	0.482758620689655
100	60	Individual tool	ALDEx2	14	14	0	36	0	0.28	1	0.4375
100	60	Individual tool	metaSeq	27	21	6	29	0.222222222222222	0.42	0.777777777777778	0.545454545454545
100	60	Individual tool	ADAPT	24	23	1	27	0.0416666666666667	0.46	0.958333333333333	0.621621621621622
100	60	Individual tool	ANCOMBC2	89	15	74	35	0.831460674157303	0.3	0.168539325842697	0.215827338129496
100	60	Individual tool	MaAsLin3	7	6	1	44	0.142857142857143	0.12	0.857142857142857	0.210526315789474
100	60	Consensus rule	Union (1 of 7)	187	30	157	20	0.839572192513369	0.6	0.160427807486631	0.253164556962025
100	60	Consensus rule	2 of 7	69	23	46	27	0.666666666666667	0.46	0.333333333333333	0.386554621848739
100	60	Consensus rule	3 of 7	31	22	9	28	0.290322580645161	0.44	0.709677419354839	0.54320987654321
100	60	Consensus rule	4 of 7	24	21	3	29	0.125	0.42	0.875	0.567567567567568
100	60	Consensus rule	5 of 7	14	14	0	36	0	0.28	1	0.4375
100	60	Consensus rule	6 of 7	7	7	0	43	0	0.14	1	0.245614035087719
100	60	Consensus rule	Intersect (7 of 7)	6	6	0	44	0	0.12	1	0.214285714285714
100	61	Individual tool	edgeR	222	29	193	21	0.869369369369369	0.58	0.130630630630631	0.213235294117647
100	61	Individual tool	DESeq2	60	23	37	27	0.616666666666667	0.46	0.383333333333333	0.418181818181818
100	61	Individual tool	ALDEx2	28	20	8	30	0.285714285714286	0.4	0.714285714285714	0.512820512820513
100	61	Individual tool	metaSeq	38	25	13	25	0.342105263157895	0.5	0.657894736842105	0.568181818181818
100	61	Individual tool	ADAPT	26	25	1	25	0.0384615384615385	0.5	0.961538461538462	0.657894736842105
100	61	Individual tool	ANCOMBC2	83	21	62	29	0.746987951807229	0.42	0.253012048192771	0.315789473684211
100	61	Individual tool	MaAsLin3	18	12	6	38	0.333333333333333	0.24	0.666666666666667	0.352941176470588
100	61	Consensus rule	Union (1 of 7)	248	35	213	15	0.858870967741935	0.7	0.141129032258065	0.23489932885906
100	61	Consensus rule	2 of 7	106	30	76	20	0.716981132075472	0.6	0.283018867924528	0.384615384615385
100	61	Consensus rule	3 of 7	40	24	16	26	0.4	0.48	0.6	0.533333333333333
100	61	Consensus rule	4 of 7	31	23	8	27	0.258064516129032	0.46	0.741935483870968	0.567901234567901
100	61	Consensus rule	5 of 7	25	20	5	30	0.2	0.4	0.8	0.533333333333333
100	61	Consensus rule	6 of 7	16	14	2	36	0.125	0.28	0.875	0.424242424242424
100	61	Consensus rule	Intersect (7 of 7)	9	9	0	41	0	0.18	1	0.305084745762712
100	62	Individual tool	edgeR	179	36	143	14	0.798882681564246	0.72	0.201117318435754	0.314410480349345
100	62	Individual tool	DESeq2	35	23	12	27	0.342857142857143	0.46	0.657142857142857	0.541176470588235
100	62	Individual tool	ALDEx2	15	15	0	35	0	0.3	1	0.461538461538462
100	62	Individual tool	metaSeq	24	21	3	29	0.125	0.42	0.875	0.567567567567568
100	62	Individual tool	ADAPT	23	23	0	27	0	0.46	1	0.63013698630137
100	62	Individual tool	ANCOMBC2	83	16	67	34	0.807228915662651	0.32	0.192771084337349	0.240601503759399
100	62	Individual tool	MaAsLin3	7	7	0	43	0	0.14	1	0.245614035087719
100	62	Consensus rule	Union (1 of 7)	212	37	175	13	0.825471698113208	0.74	0.174528301886792	0.282442748091603
100	62	Consensus rule	2 of 7	75	30	45	20	0.6	0.6	0.4	0.48
100	62	Consensus rule	3 of 7	28	24	4	26	0.142857142857143	0.48	0.857142857142857	0.615384615384615
100	62	Consensus rule	4 of 7	22	21	1	29	0.0454545454545455	0.42	0.954545454545455	0.583333333333333
100	62	Consensus rule	5 of 7	15	15	0	35	0	0.3	1	0.461538461538462
100	62	Consensus rule	6 of 7	9	9	0	41	0	0.18	1	0.305084745762712
100	62	Consensus rule	Intersect (7 of 7)	5	5	0	45	0	0.1	1	0.181818181818182
100	63	Individual tool	edgeR	168	35	133	15	0.791666666666667	0.7	0.208333333333333	0.321100917431193
100	63	Individual tool	DESeq2	56	29	27	21	0.482142857142857	0.58	0.517857142857143	0.547169811320755
100	63	Individual tool	ALDEx2	25	22	3	28	0.12	0.44	0.88	0.586666666666667
100	63	Individual tool	metaSeq	34	24	10	26	0.294117647058824	0.48	0.705882352941177	0.571428571428571
100	63	Individual tool	ADAPT	26	25	1	25	0.0384615384615385	0.5	0.961538461538462	0.657894736842105
100	63	Individual tool	ANCOMBC2	72	19	53	31	0.736111111111111	0.38	0.263888888888889	0.311475409836066
100	63	Individual tool	MaAsLin3	15	15	0	35	0	0.3	1	0.461538461538462
100	63	Consensus rule	Union (1 of 7)	203	37	166	13	0.817733990147783	0.74	0.182266009852217	0.292490118577075
100	63	Consensus rule	2 of 7	75	30	45	20	0.6	0.6	0.4	0.48
100	63	Consensus rule	3 of 7	38	26	12	24	0.315789473684211	0.52	0.684210526315789	0.590909090909091
100	63	Consensus rule	4 of 7	29	25	4	25	0.137931034482759	0.5	0.862068965517241	0.632911392405063
100	63	Consensus rule	5 of 7	21	21	0	29	0	0.42	1	0.591549295774648
100	63	Consensus rule	6 of 7	15	15	0	35	0	0.3	1	0.461538461538462
100	63	Consensus rule	Intersect (7 of 7)	15	15	0	35	0	0.3	1	0.461538461538462
100	64	Individual tool	edgeR	196	31	165	19	0.841836734693878	0.62	0.158163265306122	0.252032520325203
100	64	Individual tool	DESeq2	72	29	43	21	0.597222222222222	0.58	0.402777777777778	0.475409836065574
100	64	Individual tool	ALDEx2	24	22	2	28	0.0833333333333333	0.44	0.916666666666667	0.594594594594595
100	64	Individual tool	metaSeq	26	21	5	29	0.192307692307692	0.42	0.807692307692308	0.552631578947368
100	64	Individual tool	ADAPT	24	24	0	26	0	0.48	1	0.648648648648649
100	64	Individual tool	ANCOMBC2	82	16	66	34	0.804878048780488	0.32	0.195121951219512	0.242424242424242
100	64	Individual tool	MaAsLin3	12	11	1	39	0.0833333333333333	0.22	0.916666666666667	0.354838709677419
100	64	Consensus rule	Union (1 of 7)	228	36	192	14	0.842105263157895	0.72	0.157894736842105	0.258992805755396
100	64	Consensus rule	2 of 7	99	29	70	21	0.707070707070707	0.58	0.292929292929293	0.389261744966443
100	64	Consensus rule	3 of 7	42	27	15	23	0.357142857142857	0.54	0.642857142857143	0.58695652173913
100	64	Consensus rule	4 of 7	28	23	5	27	0.178571428571429	0.46	0.821428571428571	0.58974358974359
100	64	Consensus rule	5 of 7	18	18	0	32	0	0.36	1	0.529411764705882
100	64	Consensus rule	6 of 7	12	12	0	38	0	0.24	1	0.387096774193548
100	64	Consensus rule	Intersect (7 of 7)	9	9	0	41	0	0.18	1	0.305084745762712
100	65	Individual tool	edgeR	139	30	109	20	0.784172661870504	0.6	0.215827338129496	0.317460317460317
100	65	Individual tool	DESeq2	38	27	11	23	0.289473684210526	0.54	0.710526315789474	0.613636363636364
100	65	Individual tool	ALDEx2	17	17	0	33	0	0.34	1	0.507462686567164
100	65	Individual tool	metaSeq	27	24	3	26	0.111111111111111	0.48	0.888888888888889	0.623376623376623
100	65	Individual tool	ADAPT	24	23	1	27	0.0416666666666667	0.46	0.958333333333333	0.621621621621622
100	65	Individual tool	ANCOMBC2	54	11	43	39	0.796296296296296	0.22	0.203703703703704	0.211538461538462
100	65	Individual tool	MaAsLin3	9	9	0	41	0	0.18	1	0.305084745762712
100	65	Consensus rule	Union (1 of 7)	174	30	144	20	0.827586206896552	0.6	0.172413793103448	0.267857142857143
100	65	Consensus rule	2 of 7	46	28	18	22	0.391304347826087	0.56	0.608695652173913	0.583333333333333
100	65	Consensus rule	3 of 7	31	26	5	24	0.161290322580645	0.52	0.838709677419355	0.641975308641975
100	65	Consensus rule	4 of 7	24	24	0	26	0	0.48	1	0.648648648648649
100	65	Consensus rule	5 of 7	15	15	0	35	0	0.3	1	0.461538461538462
100	65	Consensus rule	6 of 7	10	10	0	40	0	0.2	1	0.333333333333333
100	65	Consensus rule	Intersect (7 of 7)	8	8	0	42	0	0.16	1	0.275862068965517
100	66	Individual tool	edgeR	179	34	145	16	0.810055865921788	0.68	0.189944134078212	0.296943231441048
100	66	Individual tool	DESeq2	31	23	8	27	0.258064516129032	0.46	0.741935483870968	0.567901234567901
100	66	Individual tool	ALDEx2	17	17	0	33	0	0.34	1	0.507462686567164
100	66	Individual tool	metaSeq	23	23	0	27	0	0.46	1	0.63013698630137
100	66	Individual tool	ADAPT	26	25	1	25	0.0384615384615385	0.5	0.961538461538462	0.657894736842105
100	66	Individual tool	ANCOMBC2	56	14	42	36	0.75	0.28	0.25	0.264150943396226
100	66	Individual tool	MaAsLin3	7	7	0	43	0	0.14	1	0.245614035087719
100	66	Consensus rule	Union (1 of 7)	195	34	161	16	0.825641025641026	0.68	0.174358974358974	0.277551020408163
100	66	Consensus rule	2 of 7	63	29	34	21	0.53968253968254	0.58	0.46031746031746	0.513274336283186
100	66	Consensus rule	3 of 7	26	25	1	25	0.0384615384615385	0.5	0.961538461538462	0.657894736842105
100	66	Consensus rule	4 of 7	20	20	0	30	0	0.4	1	0.571428571428572
100	66	Consensus rule	5 of 7	17	17	0	33	0	0.34	1	0.507462686567164
100	66	Consensus rule	6 of 7	11	11	0	39	0	0.22	1	0.360655737704918
100	66	Consensus rule	Intersect (7 of 7)	7	7	0	43	0	0.14	1	0.245614035087719
100	67	Individual tool	edgeR	176	35	141	15	0.801136363636364	0.7	0.198863636363636	0.309734513274336
100	67	Individual tool	DESeq2	32	20	12	30	0.375	0.4	0.625	0.487804878048781
100	67	Individual tool	ALDEx2	16	16	0	34	0	0.32	1	0.484848484848485
100	67	Individual tool	metaSeq	23	20	3	30	0.130434782608696	0.4	0.869565217391304	0.547945205479452
100	67	Individual tool	ADAPT	23	23	0	27	0	0.46	1	0.63013698630137
100	67	Individual tool	ANCOMBC2	73	15	58	35	0.794520547945205	0.3	0.205479452054795	0.24390243902439
100	67	Individual tool	MaAsLin3	10	10	0	40	0	0.2	1	0.333333333333333
100	67	Consensus rule	Union (1 of 7)	203	36	167	14	0.822660098522167	0.72	0.177339901477833	0.284584980237154
100	67	Consensus rule	2 of 7	68	27	41	23	0.602941176470588	0.54	0.397058823529412	0.457627118644068
100	67	Consensus rule	3 of 7	28	23	5	27	0.178571428571429	0.46	0.821428571428571	0.58974358974359
100	67	Consensus rule	4 of 7	19	18	1	32	0.0526315789473684	0.36	0.947368421052632	0.521739130434783
100	67	Consensus rule	5 of 7	15	15	0	35	0	0.3	1	0.461538461538462
100	67	Consensus rule	6 of 7	12	12	0	38	0	0.24	1	0.387096774193548
100	67	Consensus rule	Intersect (7 of 7)	8	8	0	42	0	0.16	1	0.275862068965517
100	68	Individual tool	edgeR	184	33	151	17	0.820652173913043	0.66	0.179347826086957	0.282051282051282
100	68	Individual tool	DESeq2	57	25	32	25	0.56140350877193	0.5	0.43859649122807	0.467289719626168
100	68	Individual tool	ALDEx2	19	19	0	31	0	0.38	1	0.550724637681159
100	68	Individual tool	metaSeq	30	22	8	28	0.266666666666667	0.44	0.733333333333333	0.55
100	68	Individual tool	ADAPT	25	25	0	25	0	0.5	1	0.666666666666667
100	68	Individual tool	ANCOMBC2	77	19	58	31	0.753246753246753	0.38	0.246753246753247	0.299212598425197
100	68	Individual tool	MaAsLin3	16	15	1	35	0.0625	0.3	0.9375	0.454545454545455
100	68	Consensus rule	Union (1 of 7)	205	34	171	16	0.834146341463415	0.68	0.165853658536585	0.266666666666667
100	68	Consensus rule	2 of 7	89	29	60	21	0.674157303370786	0.58	0.325842696629214	0.41726618705036
100	68	Consensus rule	3 of 7	37	25	12	25	0.324324324324324	0.5	0.675675675675676	0.574712643678161
100	68	Consensus rule	4 of 7	29	23	6	27	0.206896551724138	0.46	0.793103448275862	0.582278481012658
100	68	Consensus rule	5 of 7	19	18	1	32	0.0526315789473684	0.36	0.947368421052632	0.521739130434783
100	68	Consensus rule	6 of 7	17	17	0	33	0	0.34	1	0.507462686567164
100	68	Consensus rule	Intersect (7 of 7)	12	12	0	38	0	0.24	1	0.387096774193548
100	69	Individual tool	edgeR	130	28	102	22	0.784615384615385	0.56	0.215384615384615	0.311111111111111
100	69	Individual tool	DESeq2	36	21	15	29	0.416666666666667	0.42	0.583333333333333	0.488372093023256
100	69	Individual tool	ALDEx2	17	17	0	33	0	0.34	1	0.507462686567164
100	69	Individual tool	metaSeq	23	22	1	28	0.0434782608695652	0.44	0.956521739130435	0.602739726027397
100	69	Individual tool	ADAPT	24	24	0	26	0	0.48	1	0.648648648648649
100	69	Individual tool	ANCOMBC2	56	14	42	36	0.75	0.28	0.25	0.264150943396226
100	69	Individual tool	MaAsLin3	10	10	0	40	0	0.2	1	0.333333333333333
100	69	Consensus rule	Union (1 of 7)	163	31	132	19	0.809815950920245	0.62	0.190184049079755	0.291079812206573
100	69	Consensus rule	2 of 7	51	25	26	25	0.509803921568627	0.5	0.490196078431373	0.495049504950495
100	69	Consensus rule	3 of 7	25	23	2	27	0.08	0.46	0.92	0.613333333333333
100	69	Consensus rule	4 of 7	20	20	0	30	0	0.4	1	0.571428571428572
100	69	Consensus rule	5 of 7	17	17	0	33	0	0.34	1	0.507462686567164
100	69	Consensus rule	6 of 7	11	11	0	39	0	0.22	1	0.360655737704918
100	69	Consensus rule	Intersect (7 of 7)	9	9	0	41	0	0.18	1	0.305084745762712
100	70	Individual tool	edgeR	163	30	133	20	0.815950920245399	0.6	0.184049079754601	0.28169014084507
100	70	Individual tool	DESeq2	37	24	13	26	0.351351351351351	0.48	0.648648648648649	0.551724137931034
100	70	Individual tool	ALDEx2	19	19	0	31	0	0.38	1	0.550724637681159
100	70	Individual tool	metaSeq	31	22	9	28	0.290322580645161	0.44	0.709677419354839	0.54320987654321
100	70	Individual tool	ADAPT	27	25	2	25	0.0740740740740741	0.5	0.925925925925926	0.649350649350649
100	70	Individual tool	ANCOMBC2	60	14	46	36	0.766666666666667	0.28	0.233333333333333	0.254545454545455
100	70	Individual tool	MaAsLin3	13	12	1	38	0.0769230769230769	0.24	0.923076923076923	0.380952380952381
100	70	Consensus rule	Union (1 of 7)	188	31	157	19	0.835106382978723	0.62	0.164893617021277	0.260504201680672
100	70	Consensus rule	2 of 7	61	28	33	22	0.540983606557377	0.56	0.459016393442623	0.504504504504504
100	70	Consensus rule	3 of 7	34	24	10	26	0.294117647058824	0.48	0.705882352941177	0.571428571428571
100	70	Consensus rule	4 of 7	27	23	4	27	0.148148148148148	0.46	0.851851851851852	0.597402597402597
100	70	Consensus rule	5 of 7	17	17	0	33	0	0.34	1	0.507462686567164
100	70	Consensus rule	6 of 7	12	12	0	38	0	0.24	1	0.387096774193548
100	70	Consensus rule	Intersect (7 of 7)	11	11	0	39	0	0.22	1	0.360655737704918
100	71	Individual tool	edgeR	151	29	122	21	0.80794701986755	0.58	0.19205298013245	0.288557213930348
100	71	Individual tool	DESeq2	50	24	26	26	0.52	0.48	0.48	0.48
100	71	Individual tool	ALDEx2	19	18	1	32	0.0526315789473684	0.36	0.947368421052632	0.521739130434783
100	71	Individual tool	metaSeq	42	24	18	26	0.428571428571429	0.48	0.571428571428571	0.521739130434783
100	71	Individual tool	ADAPT	25	25	0	25	0	0.5	1	0.666666666666667
100	71	Individual tool	ANCOMBC2	81	17	64	33	0.790123456790123	0.34	0.209876543209877	0.259541984732824
100	71	Individual tool	MaAsLin3	9	8	1	42	0.111111111111111	0.16	0.888888888888889	0.271186440677966
100	71	Consensus rule	Union (1 of 7)	181	33	148	17	0.81767955801105	0.66	0.18232044198895	0.285714285714286
100	71	Consensus rule	2 of 7	85	27	58	23	0.682352941176471	0.54	0.317647058823529	0.4
100	71	Consensus rule	3 of 7	42	25	17	25	0.404761904761905	0.5	0.595238095238095	0.543478260869565
100	71	Consensus rule	4 of 7	32	24	8	26	0.25	0.48	0.75	0.585365853658537
100	71	Consensus rule	5 of 7	19	18	1	32	0.0526315789473684	0.36	0.947368421052632	0.521739130434783
100	71	Consensus rule	6 of 7	11	11	0	39	0	0.22	1	0.360655737704918
100	71	Consensus rule	Intersect (7 of 7)	7	7	0	43	0	0.14	1	0.245614035087719
100	72	Individual tool	edgeR	158	35	123	15	0.778481012658228	0.7	0.221518987341772	0.336538461538462
100	72	Individual tool	DESeq2	51	27	24	23	0.470588235294118	0.54	0.529411764705882	0.534653465346535
100	72	Individual tool	ALDEx2	19	18	1	32	0.0526315789473684	0.36	0.947368421052632	0.521739130434783
100	72	Individual tool	metaSeq	25	21	4	29	0.16	0.42	0.84	0.56
100	72	Individual tool	ADAPT	23	23	0	27	0	0.46	1	0.63013698630137
100	72	Individual tool	ANCOMBC2	59	9	50	41	0.847457627118644	0.18	0.152542372881356	0.165137614678899
100	72	Individual tool	MaAsLin3	9	9	0	41	0	0.18	1	0.305084745762712
100	72	Consensus rule	Union (1 of 7)	187	36	151	14	0.807486631016043	0.72	0.192513368983957	0.30379746835443
100	72	Consensus rule	2 of 7	70	27	43	23	0.614285714285714	0.54	0.385714285714286	0.45
100	72	Consensus rule	3 of 7	31	25	6	25	0.193548387096774	0.5	0.806451612903226	0.617283950617284
100	72	Consensus rule	4 of 7	25	23	2	27	0.08	0.46	0.92	0.613333333333333
100	72	Consensus rule	5 of 7	16	16	0	34	0	0.32	1	0.484848484848485
100	72	Consensus rule	6 of 7	9	9	0	41	0	0.18	1	0.305084745762712
100	72	Consensus rule	Intersect (7 of 7)	6	6	0	44	0	0.12	1	0.214285714285714
100	73	Individual tool	edgeR	204	30	174	20	0.852941176470588	0.6	0.147058823529412	0.236220472440945
100	73	Individual tool	DESeq2	48	23	25	27	0.520833333333333	0.46	0.479166666666667	0.469387755102041
100	73	Individual tool	ALDEx2	19	19	0	31	0	0.38	1	0.550724637681159
100	73	Individual tool	metaSeq	50	23	27	27	0.54	0.46	0.46	0.46
100	73	Individual tool	ADAPT	24	23	1	27	0.0416666666666667	0.46	0.958333333333333	0.621621621621622
100	73	Individual tool	ANCOMBC2	93	15	78	35	0.838709677419355	0.3	0.161290322580645	0.20979020979021
100	73	Individual tool	MaAsLin3	14	11	3	39	0.214285714285714	0.22	0.785714285714286	0.34375
100	73	Consensus rule	Union (1 of 7)	231	31	200	19	0.865800865800866	0.62	0.134199134199134	0.220640569395018
100	73	Consensus rule	2 of 7	99	24	75	26	0.757575757575758	0.48	0.242424242424242	0.322147651006711
100	73	Consensus rule	3 of 7	46	23	23	27	0.5	0.46	0.5	0.479166666666667
100	73	Consensus rule	4 of 7	33	23	10	27	0.303030303030303	0.46	0.696969696969697	0.55421686746988
100	73	Consensus rule	5 of 7	19	19	0	31	0	0.38	1	0.550724637681159
100	73	Consensus rule	6 of 7	14	14	0	36	0	0.28	1	0.4375
100	73	Consensus rule	Intersect (7 of 7)	10	10	0	40	0	0.2	1	0.333333333333333
100	74	Individual tool	edgeR	152	31	121	19	0.796052631578947	0.62	0.203947368421053	0.306930693069307
100	74	Individual tool	DESeq2	49	25	24	25	0.489795918367347	0.5	0.510204081632653	0.505050505050505
100	74	Individual tool	ALDEx2	21	21	0	29	0	0.42	1	0.591549295774648
100	74	Individual tool	metaSeq	36	26	10	24	0.277777777777778	0.52	0.722222222222222	0.604651162790698
100	74	Individual tool	ADAPT	27	24	3	26	0.111111111111111	0.48	0.888888888888889	0.623376623376623
100	74	Individual tool	ANCOMBC2	59	11	48	39	0.813559322033898	0.22	0.186440677966102	0.201834862385321
100	74	Individual tool	MaAsLin3	9	9	0	41	0	0.18	1	0.305084745762712
100	74	Consensus rule	Union (1 of 7)	186	35	151	15	0.811827956989247	0.7	0.188172043010753	0.296610169491525
100	74	Consensus rule	2 of 7	66	26	40	24	0.606060606060606	0.52	0.393939393939394	0.448275862068965
100	74	Consensus rule	3 of 7	34	24	10	26	0.294117647058824	0.48	0.705882352941177	0.571428571428571
100	74	Consensus rule	4 of 7	29	24	5	26	0.172413793103448	0.48	0.827586206896552	0.607594936708861
100	74	Consensus rule	5 of 7	21	21	0	29	0	0.42	1	0.591549295774648
100	74	Consensus rule	6 of 7	10	10	0	40	0	0.2	1	0.333333333333333
100	74	Consensus rule	Intersect (7 of 7)	7	7	0	43	0	0.14	1	0.245614035087719
100	75	Individual tool	edgeR	181	27	154	23	0.850828729281768	0.54	0.149171270718232	0.233766233766234
100	75	Individual tool	DESeq2	69	21	48	29	0.695652173913043	0.42	0.304347826086957	0.352941176470588
100	75	Individual tool	ALDEx2	24	17	7	33	0.291666666666667	0.34	0.708333333333333	0.45945945945946
100	75	Individual tool	metaSeq	29	18	11	32	0.379310344827586	0.36	0.620689655172414	0.455696202531646
100	75	Individual tool	ADAPT	24	23	1	27	0.0416666666666667	0.46	0.958333333333333	0.621621621621622
100	75	Individual tool	ANCOMBC2	90	14	76	36	0.844444444444444	0.28	0.155555555555556	0.2
100	75	Individual tool	MaAsLin3	13	11	2	39	0.153846153846154	0.22	0.846153846153846	0.349206349206349
100	75	Consensus rule	Union (1 of 7)	205	32	173	18	0.84390243902439	0.64	0.15609756097561	0.250980392156863
100	75	Consensus rule	2 of 7	102	24	78	26	0.764705882352941	0.48	0.235294117647059	0.315789473684211
100	75	Consensus rule	3 of 7	51	20	31	30	0.607843137254902	0.4	0.392156862745098	0.396039603960396
100	75	Consensus rule	4 of 7	29	19	10	31	0.344827586206897	0.38	0.655172413793103	0.481012658227848
100	75	Consensus rule	5 of 7	23	17	6	33	0.260869565217391	0.34	0.739130434782609	0.465753424657534
100	75	Consensus rule	6 of 7	13	12	1	38	0.0769230769230769	0.24	0.923076923076923	0.380952380952381
100	75	Consensus rule	Intersect (7 of 7)	7	7	0	43	0	0.14	1	0.245614035087719
100	76	Individual tool	edgeR	139	33	106	17	0.762589928057554	0.66	0.237410071942446	0.349206349206349
100	76	Individual tool	DESeq2	32	23	9	27	0.28125	0.46	0.71875	0.560975609756098
100	76	Individual tool	ALDEx2	20	20	0	30	0	0.4	1	0.571428571428572
100	76	Individual tool	metaSeq	24	22	2	28	0.0833333333333333	0.44	0.916666666666667	0.594594594594595
100	76	Individual tool	ADAPT	23	22	1	28	0.0434782608695652	0.44	0.956521739130435	0.602739726027397
100	76	Individual tool	ANCOMBC2	59	11	48	39	0.813559322033898	0.22	0.186440677966102	0.201834862385321
100	76	Individual tool	MaAsLin3	7	7	0	43	0	0.14	1	0.245614035087719
100	76	Consensus rule	Union (1 of 7)	169	34	135	16	0.798816568047337	0.68	0.201183431952663	0.310502283105023
100	76	Consensus rule	2 of 7	48	24	24	26	0.5	0.48	0.5	0.489795918367347
100	76	Consensus rule	3 of 7	27	22	5	28	0.185185185185185	0.44	0.814814814814815	0.571428571428571
100	76	Consensus rule	4 of 7	24	22	2	28	0.0833333333333333	0.44	0.916666666666667	0.594594594594595
100	76	Consensus rule	5 of 7	20	20	0	30	0	0.4	1	0.571428571428572
100	76	Consensus rule	6 of 7	9	9	0	41	0	0.18	1	0.305084745762712
100	76	Consensus rule	Intersect (7 of 7)	7	7	0	43	0	0.14	1	0.245614035087719
100	77	Individual tool	edgeR	177	28	149	22	0.84180790960452	0.56	0.15819209039548	0.246696035242291
100	77	Individual tool	DESeq2	62	25	37	25	0.596774193548387	0.5	0.403225806451613	0.446428571428571
100	77	Individual tool	ALDEx2	18	17	1	33	0.0555555555555556	0.34	0.944444444444444	0.5
100	77	Individual tool	metaSeq	32	22	10	28	0.3125	0.44	0.6875	0.536585365853659
100	77	Individual tool	ADAPT	24	24	0	26	0	0.48	1	0.648648648648649
100	77	Individual tool	ANCOMBC2	89	11	78	39	0.876404494382023	0.22	0.123595505617978	0.158273381294964
100	77	Individual tool	MaAsLin3	13	10	3	40	0.230769230769231	0.2	0.769230769230769	0.317460317460317
100	77	Consensus rule	Union (1 of 7)	208	31	177	19	0.850961538461538	0.62	0.149038461538462	0.24031007751938
100	77	Consensus rule	2 of 7	95	27	68	23	0.715789473684211	0.54	0.284210526315789	0.372413793103448
100	77	Consensus rule	3 of 7	46	26	20	24	0.434782608695652	0.52	0.565217391304348	0.541666666666667
100	77	Consensus rule	4 of 7	31	22	9	28	0.290322580645161	0.44	0.709677419354839	0.54320987654321
100	77	Consensus rule	5 of 7	18	14	4	36	0.222222222222222	0.28	0.777777777777778	0.411764705882353
100	77	Consensus rule	6 of 7	10	10	0	40	0	0.2	1	0.333333333333333
100	77	Consensus rule	Intersect (7 of 7)	7	7	0	43	0	0.14	1	0.245614035087719
100	78	Individual tool	edgeR	111	31	80	19	0.720720720720721	0.62	0.279279279279279	0.385093167701863
100	78	Individual tool	DESeq2	23	19	4	31	0.173913043478261	0.38	0.826086956521739	0.520547945205479
100	78	Individual tool	ALDEx2	17	17	0	33	0	0.34	1	0.507462686567164
100	78	Individual tool	metaSeq	22	20	2	30	0.0909090909090909	0.4	0.909090909090909	0.555555555555556
100	78	Individual tool	ADAPT	23	23	0	27	0	0.46	1	0.63013698630137
100	78	Individual tool	ANCOMBC2	47	10	37	40	0.787234042553192	0.2	0.212765957446809	0.206185567010309
100	78	Individual tool	MaAsLin3	10	10	0	40	0	0.2	1	0.333333333333333
100	78	Consensus rule	Union (1 of 7)	139	32	107	18	0.76978417266187	0.64	0.23021582733813	0.338624338624339
100	78	Consensus rule	2 of 7	39	24	15	26	0.384615384615385	0.48	0.615384615384615	0.539325842696629
100	78	Consensus rule	3 of 7	21	20	1	30	0.0476190476190476	0.4	0.952380952380952	0.563380281690141
100	78	Consensus rule	4 of 7	19	19	0	31	0	0.38	1	0.550724637681159
100	78	Consensus rule	5 of 7	17	17	0	33	0	0.34	1	0.507462686567164
100	78	Consensus rule	6 of 7	10	10	0	40	0	0.2	1	0.333333333333333
100	78	Consensus rule	Intersect (7 of 7)	8	8	0	42	0	0.16	1	0.275862068965517
100	79	Individual tool	edgeR	163	30	133	20	0.815950920245399	0.6	0.184049079754601	0.28169014084507
100	79	Individual tool	DESeq2	39	26	13	24	0.333333333333333	0.52	0.666666666666667	0.584269662921348
100	79	Individual tool	ALDEx2	20	20	0	30	0	0.4	1	0.571428571428572
100	79	Individual tool	metaSeq	27	23	4	27	0.148148148148148	0.46	0.851851851851852	0.597402597402597
100	79	Individual tool	ADAPT	24	24	0	26	0	0.48	1	0.648648648648649
100	79	Individual tool	ANCOMBC2	72	16	56	34	0.777777777777778	0.32	0.222222222222222	0.262295081967213
100	79	Individual tool	MaAsLin3	12	12	0	38	0	0.24	1	0.387096774193548
100	79	Consensus rule	Union (1 of 7)	200	34	166	16	0.83	0.68	0.17	0.272
100	79	Consensus rule	2 of 7	61	27	34	23	0.557377049180328	0.54	0.442622950819672	0.486486486486486
100	79	Consensus rule	3 of 7	28	24	4	26	0.142857142857143	0.48	0.857142857142857	0.615384615384615
100	79	Consensus rule	4 of 7	26	24	2	26	0.0769230769230769	0.48	0.923076923076923	0.631578947368421
100	79	Consensus rule	5 of 7	19	19	0	31	0	0.38	1	0.550724637681159
100	79	Consensus rule	6 of 7	13	13	0	37	0	0.26	1	0.412698412698413
100	79	Consensus rule	Intersect (7 of 7)	10	10	0	40	0	0.2	1	0.333333333333333
100	80	Individual tool	edgeR	221	32	189	18	0.855203619909502	0.64	0.144796380090498	0.236162361623616
100	80	Individual tool	DESeq2	59	23	36	27	0.610169491525424	0.46	0.389830508474576	0.422018348623853
100	80	Individual tool	ALDEx2	27	20	7	30	0.259259259259259	0.4	0.740740740740741	0.519480519480519
100	80	Individual tool	metaSeq	32	21	11	29	0.34375	0.42	0.65625	0.51219512195122
100	80	Individual tool	ADAPT	25	24	1	26	0.04	0.48	0.96	0.64
100	80	Individual tool	ANCOMBC2	87	17	70	33	0.804597701149425	0.34	0.195402298850575	0.248175182481752
100	80	Individual tool	MaAsLin3	15	11	4	39	0.266666666666667	0.22	0.733333333333333	0.338461538461538
100	80	Consensus rule	Union (1 of 7)	241	35	206	15	0.854771784232365	0.7	0.145228215767635	0.240549828178694
100	80	Consensus rule	2 of 7	100	30	70	20	0.7	0.6	0.3	0.4
100	80	Consensus rule	3 of 7	45	25	20	25	0.444444444444444	0.5	0.555555555555556	0.526315789473684
100	80	Consensus rule	4 of 7	34	22	12	28	0.352941176470588	0.44	0.647058823529412	0.523809523809524
100	80	Consensus rule	5 of 7	24	17	7	33	0.291666666666667	0.34	0.708333333333333	0.45945945945946
100	80	Consensus rule	6 of 7	15	12	3	38	0.2	0.24	0.8	0.369230769230769
100	80	Consensus rule	Intersect (7 of 7)	7	7	0	43	0	0.14	1	0.245614035087719
100	81	Individual tool	edgeR	190	28	162	22	0.852631578947368	0.56	0.147368421052632	0.233333333333333
100	81	Individual tool	DESeq2	52	23	29	27	0.557692307692308	0.46	0.442307692307692	0.450980392156863
100	81	Individual tool	ALDEx2	20	19	1	31	0.05	0.38	0.95	0.542857142857143
100	81	Individual tool	metaSeq	34	23	11	27	0.323529411764706	0.46	0.676470588235294	0.547619047619048
100	81	Individual tool	ADAPT	26	25	1	25	0.0384615384615385	0.5	0.961538461538462	0.657894736842105
100	81	Individual tool	ANCOMBC2	46	14	32	36	0.695652173913043	0.28	0.304347826086957	0.291666666666667
100	81	Individual tool	MaAsLin3	11	11	0	39	0	0.22	1	0.360655737704918
100	81	Consensus rule	Union (1 of 7)	213	32	181	18	0.849765258215962	0.64	0.150234741784038	0.243346007604563
100	81	Consensus rule	2 of 7	66	25	41	25	0.621212121212121	0.5	0.378787878787879	0.431034482758621
100	81	Consensus rule	3 of 7	32	23	9	27	0.28125	0.46	0.71875	0.560975609756098
100	81	Consensus rule	4 of 7	27	23	4	27	0.148148148148148	0.46	0.851851851851852	0.597402597402597
100	81	Consensus rule	5 of 7	20	19	1	31	0.05	0.38	0.95	0.542857142857143
100	81	Consensus rule	6 of 7	12	12	0	38	0	0.24	1	0.387096774193548
100	81	Consensus rule	Intersect (7 of 7)	9	9	0	41	0	0.18	1	0.305084745762712
100	82	Individual tool	edgeR	164	27	137	23	0.835365853658537	0.54	0.164634146341463	0.252336448598131
100	82	Individual tool	DESeq2	40	24	16	26	0.4	0.48	0.6	0.533333333333333
100	82	Individual tool	ALDEx2	23	23	0	27	0	0.46	1	0.63013698630137
100	82	Individual tool	metaSeq	30	25	5	25	0.166666666666667	0.5	0.833333333333333	0.625
100	82	Individual tool	ADAPT	26	25	1	25	0.0384615384615385	0.5	0.961538461538462	0.657894736842105
100	82	Individual tool	ANCOMBC2	75	18	57	32	0.76	0.36	0.24	0.288
100	82	Individual tool	MaAsLin3	14	14	0	36	0	0.28	1	0.4375
100	82	Consensus rule	Union (1 of 7)	194	29	165	21	0.850515463917526	0.58	0.149484536082474	0.237704918032787
100	82	Consensus rule	2 of 7	67	25	42	25	0.626865671641791	0.5	0.373134328358209	0.427350427350427
100	82	Consensus rule	3 of 7	31	25	6	25	0.193548387096774	0.5	0.806451612903226	0.617283950617284
100	82	Consensus rule	4 of 7	27	24	3	26	0.111111111111111	0.48	0.888888888888889	0.623376623376623
100	82	Consensus rule	5 of 7	23	23	0	27	0	0.46	1	0.63013698630137
100	82	Consensus rule	6 of 7	17	17	0	33	0	0.34	1	0.507462686567164
100	82	Consensus rule	Intersect (7 of 7)	13	13	0	37	0	0.26	1	0.412698412698413
100	83	Individual tool	edgeR	203	37	166	13	0.817733990147783	0.74	0.182266009852217	0.292490118577075
100	83	Individual tool	DESeq2	65	25	40	25	0.615384615384615	0.5	0.384615384615385	0.434782608695652
100	83	Individual tool	ALDEx2	22	18	4	32	0.181818181818182	0.36	0.818181818181818	0.5
100	83	Individual tool	metaSeq	32	20	12	30	0.375	0.4	0.625	0.487804878048781
100	83	Individual tool	ADAPT	27	24	3	26	0.111111111111111	0.48	0.888888888888889	0.623376623376623
100	83	Individual tool	ANCOMBC2	89	14	75	36	0.842696629213483	0.28	0.157303370786517	0.201438848920863
100	83	Individual tool	MaAsLin3	14	10	4	40	0.285714285714286	0.2	0.714285714285714	0.3125
100	83	Consensus rule	Union (1 of 7)	231	38	193	12	0.835497835497836	0.76	0.164502164502165	0.270462633451957
100	83	Consensus rule	2 of 7	97	28	69	22	0.711340206185567	0.56	0.288659793814433	0.380952380952381
100	83	Consensus rule	3 of 7	53	25	28	25	0.528301886792453	0.5	0.471698113207547	0.485436893203884
100	83	Consensus rule	4 of 7	31	21	10	29	0.32258064516129	0.42	0.67741935483871	0.518518518518518
100	83	Consensus rule	5 of 7	20	16	4	34	0.2	0.32	0.8	0.457142857142857
100	83	Consensus rule	6 of 7	12	12	0	38	0	0.24	1	0.387096774193548
100	83	Consensus rule	Intersect (7 of 7)	8	8	0	42	0	0.16	1	0.275862068965517
100	84	Individual tool	edgeR	164	33	131	17	0.798780487804878	0.66	0.201219512195122	0.308411214953271
100	84	Individual tool	DESeq2	51	25	26	25	0.509803921568627	0.5	0.490196078431373	0.495049504950495
100	84	Individual tool	ALDEx2	18	18	0	32	0	0.36	1	0.529411764705882
100	84	Individual tool	metaSeq	29	24	5	26	0.172413793103448	0.48	0.827586206896552	0.607594936708861
100	84	Individual tool	ADAPT	26	25	1	25	0.0384615384615385	0.5	0.961538461538462	0.657894736842105
100	84	Individual tool	ANCOMBC2	70	13	57	37	0.814285714285714	0.26	0.185714285714286	0.216666666666667
100	84	Individual tool	MaAsLin3	12	12	0	38	0	0.24	1	0.387096774193548
100	84	Consensus rule	Union (1 of 7)	197	34	163	16	0.82741116751269	0.68	0.17258883248731	0.275303643724696
100	84	Consensus rule	2 of 7	72	27	45	23	0.625	0.54	0.375	0.442622950819672
100	84	Consensus rule	3 of 7	35	24	11	26	0.314285714285714	0.48	0.685714285714286	0.564705882352941
100	84	Consensus rule	4 of 7	25	24	1	26	0.04	0.48	0.96	0.64
100	84	Consensus rule	5 of 7	19	19	0	31	0	0.38	1	0.550724637681159
100	84	Consensus rule	6 of 7	13	13	0	37	0	0.26	1	0.412698412698413
100	84	Consensus rule	Intersect (7 of 7)	9	9	0	41	0	0.18	1	0.305084745762712
100	85	Individual tool	edgeR	149	26	123	24	0.825503355704698	0.52	0.174496644295302	0.261306532663317
100	85	Individual tool	DESeq2	58	25	33	25	0.568965517241379	0.5	0.431034482758621	0.462962962962963
100	85	Individual tool	ALDEx2	22	22	0	28	0	0.44	1	0.611111111111111
100	85	Individual tool	metaSeq	31	21	10	29	0.32258064516129	0.42	0.67741935483871	0.518518518518518
100	85	Individual tool	ADAPT	23	23	0	27	0	0.46	1	0.63013698630137
100	85	Individual tool	ANCOMBC2	77	22	55	28	0.714285714285714	0.44	0.285714285714286	0.346456692913386
100	85	Individual tool	MaAsLin3	15	13	2	37	0.133333333333333	0.26	0.866666666666667	0.4
100	85	Consensus rule	Union (1 of 7)	186	32	154	18	0.827956989247312	0.64	0.172043010752688	0.271186440677966
100	85	Consensus rule	2 of 7	73	26	47	24	0.643835616438356	0.52	0.356164383561644	0.422764227642276
100	85	Consensus rule	3 of 7	39	24	15	26	0.384615384615385	0.48	0.615384615384615	0.539325842696629
100	85	Consensus rule	4 of 7	29	23	6	27	0.206896551724138	0.46	0.793103448275862	0.582278481012658
100	85	Consensus rule	5 of 7	22	21	1	29	0.0454545454545455	0.42	0.954545454545455	0.583333333333333
100	85	Consensus rule	6 of 7	14	14	0	36	0	0.28	1	0.4375
100	85	Consensus rule	Intersect (7 of 7)	12	12	0	38	0	0.24	1	0.387096774193548
100	86	Individual tool	edgeR	201	36	165	14	0.82089552238806	0.72	0.17910447761194	0.286852589641434
100	86	Individual tool	DESeq2	69	30	39	20	0.565217391304348	0.6	0.434782608695652	0.504201680672269
100	86	Individual tool	ALDEx2	22	19	3	31	0.136363636363636	0.38	0.863636363636364	0.527777777777778
100	86	Individual tool	metaSeq	38	28	10	22	0.263157894736842	0.56	0.736842105263158	0.636363636363636
100	86	Individual tool	ADAPT	25	25	0	25	0	0.5	1	0.666666666666667
100	86	Individual tool	ANCOMBC2	88	17	71	33	0.806818181818182	0.34	0.193181818181818	0.246376811594203
100	86	Individual tool	MaAsLin3	12	9	3	41	0.25	0.18	0.75	0.290322580645161
100	86	Consensus rule	Union (1 of 7)	229	40	189	10	0.825327510917031	0.8	0.174672489082969	0.28673835125448
100	86	Consensus rule	2 of 7	103	31	72	19	0.699029126213592	0.62	0.300970873786408	0.405228758169935
100	86	Consensus rule	3 of 7	46	28	18	22	0.391304347826087	0.56	0.608695652173913	0.583333333333333
100	86	Consensus rule	4 of 7	36	27	9	23	0.25	0.54	0.75	0.627906976744186
100	86	Consensus rule	5 of 7	24	21	3	29	0.125	0.42	0.875	0.567567567567568
100	86	Consensus rule	6 of 7	10	10	0	40	0	0.2	1	0.333333333333333
100	86	Consensus rule	Intersect (7 of 7)	7	7	0	43	0	0.14	1	0.245614035087719
100	87	Individual tool	edgeR	165	33	132	17	0.8	0.66	0.2	0.306976744186046
100	87	Individual tool	DESeq2	49	23	26	27	0.530612244897959	0.46	0.469387755102041	0.464646464646465
100	87	Individual tool	ALDEx2	22	20	2	30	0.0909090909090909	0.4	0.909090909090909	0.555555555555556
100	87	Individual tool	metaSeq	24	20	4	30	0.166666666666667	0.4	0.833333333333333	0.540540540540541
100	87	Individual tool	ADAPT	24	24	0	26	0	0.48	1	0.648648648648649
100	87	Individual tool	ANCOMBC2	72	15	57	35	0.791666666666667	0.3	0.208333333333333	0.245901639344262
100	87	Individual tool	MaAsLin3	12	11	1	39	0.0833333333333333	0.22	0.916666666666667	0.354838709677419
100	87	Consensus rule	Union (1 of 7)	193	35	158	15	0.818652849740933	0.7	0.181347150259067	0.288065843621399
100	87	Consensus rule	2 of 7	73	27	46	23	0.63013698630137	0.54	0.36986301369863	0.439024390243902
100	87	Consensus rule	3 of 7	39	25	14	25	0.358974358974359	0.5	0.641025641025641	0.561797752808989
100	87	Consensus rule	4 of 7	24	21	3	29	0.125	0.42	0.875	0.567567567567568
100	87	Consensus rule	5 of 7	17	16	1	34	0.0588235294117647	0.32	0.941176470588235	0.477611940298508
100	87	Consensus rule	6 of 7	12	12	0	38	0	0.24	1	0.387096774193548
100	87	Consensus rule	Intersect (7 of 7)	10	10	0	40	0	0.2	1	0.333333333333333
100	88	Individual tool	edgeR	152	28	124	22	0.815789473684211	0.56	0.184210526315789	0.277227722772277
100	88	Individual tool	DESeq2	55	23	32	27	0.581818181818182	0.46	0.418181818181818	0.438095238095238
100	88	Individual tool	ALDEx2	21	21	0	29	0	0.42	1	0.591549295774648
100	88	Individual tool	metaSeq	32	23	9	27	0.28125	0.46	0.71875	0.560975609756098
100	88	Individual tool	ADAPT	24	24	0	26	0	0.48	1	0.648648648648649
100	88	Individual tool	ANCOMBC2	68	14	54	36	0.794117647058823	0.28	0.205882352941176	0.23728813559322
100	88	Individual tool	MaAsLin3	11	10	1	40	0.0909090909090909	0.2	0.909090909090909	0.327868852459016
100	88	Consensus rule	Union (1 of 7)	188	28	160	22	0.851063829787234	0.56	0.148936170212766	0.235294117647059
100	88	Consensus rule	2 of 7	68	25	43	25	0.632352941176471	0.5	0.367647058823529	0.423728813559322
100	88	Consensus rule	3 of 7	35	24	11	26	0.314285714285714	0.48	0.685714285714286	0.564705882352941
100	88	Consensus rule	4 of 7	29	23	6	27	0.206896551724138	0.46	0.793103448275862	0.582278481012658
100	88	Consensus rule	5 of 7	21	21	0	29	0	0.42	1	0.591549295774648
100	88	Consensus rule	6 of 7	12	12	0	38	0	0.24	1	0.387096774193548
100	88	Consensus rule	Intersect (7 of 7)	10	10	0	40	0	0.2	1	0.333333333333333
100	89	Individual tool	edgeR	119	30	89	20	0.747899159663866	0.6	0.252100840336134	0.355029585798817
100	89	Individual tool	DESeq2	41	23	18	27	0.439024390243902	0.46	0.560975609756098	0.505494505494506
100	89	Individual tool	ALDEx2	16	16	0	34	0	0.32	1	0.484848484848485
100	89	Individual tool	metaSeq	25	23	2	27	0.08	0.46	0.92	0.613333333333333
100	89	Individual tool	ADAPT	28	25	3	25	0.107142857142857	0.5	0.892857142857143	0.641025641025641
100	89	Individual tool	ANCOMBC2	82	14	68	36	0.829268292682927	0.28	0.170731707317073	0.212121212121212
100	89	Individual tool	MaAsLin3	9	9	0	41	0	0.18	1	0.305084745762712
100	89	Consensus rule	Union (1 of 7)	162	32	130	18	0.802469135802469	0.64	0.197530864197531	0.30188679245283
100	89	Consensus rule	2 of 7	64	26	38	24	0.59375	0.52	0.40625	0.456140350877193
100	89	Consensus rule	3 of 7	34	24	10	26	0.294117647058824	0.48	0.705882352941177	0.571428571428571
100	89	Consensus rule	4 of 7	23	21	2	29	0.0869565217391304	0.42	0.91304347826087	0.575342465753425
100	89	Consensus rule	5 of 7	17	17	0	33	0	0.34	1	0.507462686567164
100	89	Consensus rule	6 of 7	11	11	0	39	0	0.22	1	0.360655737704918
100	89	Consensus rule	Intersect (7 of 7)	9	9	0	41	0	0.18	1	0.305084745762712
100	90	Individual tool	edgeR	135	27	108	23	0.8	0.54	0.2	0.291891891891892
100	90	Individual tool	DESeq2	39	22	17	28	0.435897435897436	0.44	0.564102564102564	0.49438202247191
100	90	Individual tool	ALDEx2	18	18	0	32	0	0.36	1	0.529411764705882
100	90	Individual tool	metaSeq	28	19	9	31	0.321428571428571	0.38	0.678571428571429	0.487179487179487
100	90	Individual tool	ADAPT	26	23	3	27	0.115384615384615	0.46	0.884615384615385	0.605263157894737
100	90	Individual tool	ANCOMBC2	70	16	54	34	0.771428571428571	0.32	0.228571428571429	0.266666666666667
100	90	Individual tool	MaAsLin3	12	10	2	40	0.166666666666667	0.2	0.833333333333333	0.32258064516129
100	90	Consensus rule	Union (1 of 7)	177	30	147	20	0.830508474576271	0.6	0.169491525423729	0.26431718061674
100	90	Consensus rule	2 of 7	53	23	30	27	0.566037735849057	0.46	0.433962264150943	0.446601941747573
100	90	Consensus rule	3 of 7	33	22	11	28	0.333333333333333	0.44	0.666666666666667	0.530120481927711
100	90	Consensus rule	4 of 7	25	21	4	29	0.16	0.42	0.84	0.56
100	90	Consensus rule	5 of 7	18	17	1	33	0.0555555555555556	0.34	0.944444444444444	0.5
100	90	Consensus rule	6 of 7	13	13	0	37	0	0.26	1	0.412698412698413
100	90	Consensus rule	Intersect (7 of 7)	9	9	0	41	0	0.18	1	0.305084745762712
100	91	Individual tool	edgeR	135	29	106	21	0.785185185185185	0.58	0.214814814814815	0.313513513513514
100	91	Individual tool	DESeq2	38	22	16	28	0.421052631578947	0.44	0.578947368421053	0.5
100	91	Individual tool	ALDEx2	20	20	0	30	0	0.4	1	0.571428571428572
100	91	Individual tool	metaSeq	25	22	3	28	0.12	0.44	0.88	0.586666666666667
100	91	Individual tool	ADAPT	26	25	1	25	0.0384615384615385	0.5	0.961538461538462	0.657894736842105
100	91	Individual tool	ANCOMBC2	89	15	74	35	0.831460674157303	0.3	0.168539325842697	0.215827338129496
100	91	Individual tool	MaAsLin3	8	7	1	43	0.125	0.14	0.875	0.241379310344828
100	91	Consensus rule	Union (1 of 7)	185	34	151	16	0.816216216216216	0.68	0.183783783783784	0.28936170212766
100	91	Consensus rule	2 of 7	68	26	42	24	0.617647058823529	0.52	0.382352941176471	0.440677966101695
100	91	Consensus rule	3 of 7	30	23	7	27	0.233333333333333	0.46	0.766666666666667	0.575
100	91	Consensus rule	4 of 7	23	22	1	28	0.0434782608695652	0.44	0.956521739130435	0.602739726027397
100	91	Consensus rule	5 of 7	19	19	0	31	0	0.38	1	0.550724637681159
100	91	Consensus rule	6 of 7	10	10	0	40	0	0.2	1	0.333333333333333
100	91	Consensus rule	Intersect (7 of 7)	6	6	0	44	0	0.12	1	0.214285714285714
100	92	Individual tool	edgeR	133	30	103	20	0.774436090225564	0.6	0.225563909774436	0.327868852459016
100	92	Individual tool	DESeq2	46	21	25	29	0.543478260869565	0.42	0.456521739130435	0.4375
100	92	Individual tool	ALDEx2	21	18	3	32	0.142857142857143	0.36	0.857142857142857	0.507042253521127
100	92	Individual tool	metaSeq	25	20	5	30	0.2	0.4	0.8	0.533333333333333
100	92	Individual tool	ADAPT	26	24	2	26	0.0769230769230769	0.48	0.923076923076923	0.631578947368421
100	92	Individual tool	ANCOMBC2	86	11	75	39	0.872093023255814	0.22	0.127906976744186	0.161764705882353
100	92	Individual tool	MaAsLin3	6	6	0	44	0	0.12	1	0.214285714285714
100	92	Consensus rule	Union (1 of 7)	182	32	150	18	0.824175824175824	0.64	0.175824175824176	0.275862068965517
100	92	Consensus rule	2 of 7	73	25	48	25	0.657534246575342	0.5	0.342465753424658	0.40650406504065
100	92	Consensus rule	3 of 7	32	23	9	27	0.28125	0.46	0.71875	0.560975609756098
100	92	Consensus rule	4 of 7	25	20	5	30	0.2	0.4	0.8	0.533333333333333
100	92	Consensus rule	5 of 7	18	17	1	33	0.0555555555555556	0.34	0.944444444444444	0.5
100	92	Consensus rule	6 of 7	8	8	0	42	0	0.16	1	0.275862068965517
100	92	Consensus rule	Intersect (7 of 7)	5	5	0	45	0	0.1	1	0.181818181818182
100	93	Individual tool	edgeR	149	28	121	22	0.812080536912752	0.56	0.187919463087248	0.281407035175879
100	93	Individual tool	DESeq2	43	25	18	25	0.418604651162791	0.5	0.581395348837209	0.537634408602151
100	93	Individual tool	ALDEx2	21	21	0	29	0	0.42	1	0.591549295774648
100	93	Individual tool	metaSeq	31	24	7	26	0.225806451612903	0.48	0.774193548387097	0.592592592592593
100	93	Individual tool	ADAPT	27	25	2	25	0.0740740740740741	0.5	0.925925925925926	0.649350649350649
100	93	Individual tool	ANCOMBC2	106	16	90	34	0.849056603773585	0.32	0.150943396226415	0.205128205128205
100	93	Individual tool	MaAsLin3	13	13	0	37	0	0.26	1	0.412698412698413
100	93	Consensus rule	Union (1 of 7)	205	32	173	18	0.84390243902439	0.64	0.15609756097561	0.250980392156863
100	93	Consensus rule	2 of 7	77	25	52	25	0.675324675324675	0.5	0.324675324675325	0.393700787401575
100	93	Consensus rule	3 of 7	35	24	11	26	0.314285714285714	0.48	0.685714285714286	0.564705882352941
100	93	Consensus rule	4 of 7	26	24	2	26	0.0769230769230769	0.48	0.923076923076923	0.631578947368421
100	93	Consensus rule	5 of 7	21	21	0	29	0	0.42	1	0.591549295774648
100	93	Consensus rule	6 of 7	15	15	0	35	0	0.3	1	0.461538461538462
100	93	Consensus rule	Intersect (7 of 7)	11	11	0	39	0	0.22	1	0.360655737704918
100	94	Individual tool	edgeR	146	29	117	21	0.801369863013699	0.58	0.198630136986301	0.295918367346939
100	94	Individual tool	DESeq2	41	21	20	29	0.48780487804878	0.42	0.51219512195122	0.461538461538462
100	94	Individual tool	ALDEx2	17	17	0	33	0	0.34	1	0.507462686567164
100	94	Individual tool	metaSeq	23	21	2	29	0.0869565217391304	0.42	0.91304347826087	0.575342465753425
100	94	Individual tool	ADAPT	27	24	3	26	0.111111111111111	0.48	0.888888888888889	0.623376623376623
100	94	Individual tool	ANCOMBC2	74	15	59	35	0.797297297297297	0.3	0.202702702702703	0.241935483870968
100	94	Individual tool	MaAsLin3	10	10	0	40	0	0.2	1	0.333333333333333
100	94	Consensus rule	Union (1 of 7)	187	31	156	19	0.834224598930481	0.62	0.165775401069519	0.261603375527426
100	94	Consensus rule	2 of 7	64	27	37	23	0.578125	0.54	0.421875	0.473684210526316
100	94	Consensus rule	3 of 7	27	21	6	29	0.222222222222222	0.42	0.777777777777778	0.545454545454545
100	94	Consensus rule	4 of 7	23	21	2	29	0.0869565217391304	0.42	0.91304347826087	0.575342465753425
100	94	Consensus rule	5 of 7	18	18	0	32	0	0.36	1	0.529411764705882
100	94	Consensus rule	6 of 7	12	12	0	38	0	0.24	1	0.387096774193548
100	94	Consensus rule	Intersect (7 of 7)	7	7	0	43	0	0.14	1	0.245614035087719
100	95	Individual tool	edgeR	154	32	122	18	0.792207792207792	0.64	0.207792207792208	0.313725490196078
100	95	Individual tool	DESeq2	42	24	18	26	0.428571428571429	0.48	0.571428571428571	0.521739130434783
100	95	Individual tool	ALDEx2	17	17	0	33	0	0.34	1	0.507462686567164
100	95	Individual tool	metaSeq	32	24	8	26	0.25	0.48	0.75	0.585365853658537
100	95	Individual tool	ADAPT	25	25	0	25	0	0.5	1	0.666666666666667
100	95	Individual tool	ANCOMBC2	85	14	71	36	0.835294117647059	0.28	0.164705882352941	0.207407407407407
100	95	Individual tool	MaAsLin3	8	8	0	42	0	0.16	1	0.275862068965517
100	95	Consensus rule	Union (1 of 7)	201	36	165	14	0.82089552238806	0.72	0.17910447761194	0.286852589641434
100	95	Consensus rule	2 of 7	71	28	43	22	0.605633802816901	0.56	0.394366197183099	0.462809917355372
100	95	Consensus rule	3 of 7	34	25	9	25	0.264705882352941	0.5	0.735294117647059	0.595238095238095
100	95	Consensus rule	4 of 7	24	22	2	28	0.0833333333333333	0.44	0.916666666666667	0.594594594594595
100	95	Consensus rule	5 of 7	16	16	0	34	0	0.32	1	0.484848484848485
100	95	Consensus rule	6 of 7	10	10	0	40	0	0.2	1	0.333333333333333
100	95	Consensus rule	Intersect (7 of 7)	7	7	0	43	0	0.14	1	0.245614035087719
100	96	Individual tool	edgeR	199	34	165	16	0.829145728643216	0.68	0.170854271356784	0.273092369477912
100	96	Individual tool	DESeq2	54	24	30	26	0.555555555555556	0.48	0.444444444444444	0.461538461538462
100	96	Individual tool	ALDEx2	21	21	0	29	0	0.42	1	0.591549295774648
100	96	Individual tool	metaSeq	31	22	9	28	0.290322580645161	0.44	0.709677419354839	0.54320987654321
100	96	Individual tool	ADAPT	28	25	3	25	0.107142857142857	0.5	0.892857142857143	0.641025641025641
100	96	Individual tool	ANCOMBC2	79	15	64	35	0.810126582278481	0.3	0.189873417721519	0.232558139534884
100	96	Individual tool	MaAsLin3	12	11	1	39	0.0833333333333333	0.22	0.916666666666667	0.354838709677419
100	96	Consensus rule	Union (1 of 7)	226	37	189	13	0.836283185840708	0.74	0.163716814159292	0.268115942028986
100	96	Consensus rule	2 of 7	91	28	63	22	0.692307692307692	0.56	0.307692307692308	0.397163120567376
100	96	Consensus rule	3 of 7	36	24	12	26	0.333333333333333	0.48	0.666666666666667	0.558139534883721
100	96	Consensus rule	4 of 7	31	24	7	26	0.225806451612903	0.48	0.774193548387097	0.592592592592593
100	96	Consensus rule	5 of 7	21	20	1	30	0.0476190476190476	0.4	0.952380952380952	0.563380281690141
100	96	Consensus rule	6 of 7	12	12	0	38	0	0.24	1	0.387096774193548
100	96	Consensus rule	Intersect (7 of 7)	7	7	0	43	0	0.14	1	0.245614035087719
100	97	Individual tool	edgeR	189	31	158	19	0.835978835978836	0.62	0.164021164021164	0.259414225941423
100	97	Individual tool	DESeq2	44	23	21	27	0.477272727272727	0.46	0.522727272727273	0.48936170212766
100	97	Individual tool	ALDEx2	21	20	1	30	0.0476190476190476	0.4	0.952380952380952	0.563380281690141
100	97	Individual tool	metaSeq	28	23	5	27	0.178571428571429	0.46	0.821428571428571	0.58974358974359
100	97	Individual tool	ADAPT	24	24	0	26	0	0.48	1	0.648648648648649
100	97	Individual tool	ANCOMBC2	59	13	46	37	0.779661016949153	0.26	0.220338983050847	0.238532110091743
100	97	Individual tool	MaAsLin3	6	5	1	45	0.166666666666667	0.1	0.833333333333333	0.178571428571429
100	97	Consensus rule	Union (1 of 7)	205	31	174	19	0.848780487804878	0.62	0.151219512195122	0.243137254901961
100	97	Consensus rule	2 of 7	74	27	47	23	0.635135135135135	0.54	0.364864864864865	0.435483870967742
100	97	Consensus rule	3 of 7	31	24	7	26	0.225806451612903	0.48	0.774193548387097	0.592592592592593
100	97	Consensus rule	4 of 7	27	23	4	27	0.148148148148148	0.46	0.851851851851852	0.597402597402597
100	97	Consensus rule	5 of 7	20	20	0	30	0	0.4	1	0.571428571428572
100	97	Consensus rule	6 of 7	10	10	0	40	0	0.2	1	0.333333333333333
100	97	Consensus rule	Intersect (7 of 7)	4	4	0	46	0	0.08	1	0.148148148148148
100	98	Individual tool	edgeR	187	34	153	16	0.818181818181818	0.68	0.181818181818182	0.286919831223629
100	98	Individual tool	DESeq2	48	26	22	24	0.458333333333333	0.52	0.541666666666667	0.530612244897959
100	98	Individual tool	ALDEx2	19	18	1	32	0.0526315789473684	0.36	0.947368421052632	0.521739130434783
100	98	Individual tool	metaSeq	30	25	5	25	0.166666666666667	0.5	0.833333333333333	0.625
100	98	Individual tool	ADAPT	26	25	1	25	0.0384615384615385	0.5	0.961538461538462	0.657894736842105
100	98	Individual tool	ANCOMBC2	76	15	61	35	0.802631578947368	0.3	0.197368421052632	0.238095238095238
100	98	Individual tool	MaAsLin3	12	11	1	39	0.0833333333333333	0.22	0.916666666666667	0.354838709677419
100	98	Consensus rule	Union (1 of 7)	209	35	174	15	0.832535885167464	0.7	0.167464114832536	0.27027027027027
100	98	Consensus rule	2 of 7	87	31	56	19	0.64367816091954	0.62	0.35632183908046	0.452554744525547
100	98	Consensus rule	3 of 7	36	26	10	24	0.277777777777778	0.52	0.722222222222222	0.604651162790698
100	98	Consensus rule	4 of 7	28	24	4	26	0.142857142857143	0.48	0.857142857142857	0.615384615384615
100	98	Consensus rule	5 of 7	19	19	0	31	0	0.38	1	0.550724637681159
100	98	Consensus rule	6 of 7	12	12	0	38	0	0.24	1	0.387096774193548
100	98	Consensus rule	Intersect (7 of 7)	7	7	0	43	0	0.14	1	0.245614035087719
100	99	Individual tool	edgeR	169	37	132	13	0.781065088757396	0.74	0.218934911242604	0.337899543378995
100	99	Individual tool	DESeq2	44	27	17	23	0.386363636363636	0.54	0.613636363636364	0.574468085106383
100	99	Individual tool	ALDEx2	21	20	1	30	0.0476190476190476	0.4	0.952380952380952	0.563380281690141
100	99	Individual tool	metaSeq	37	26	11	24	0.297297297297297	0.52	0.702702702702703	0.597701149425287
100	99	Individual tool	ADAPT	24	24	0	26	0	0.48	1	0.648648648648649
100	99	Individual tool	ANCOMBC2	76	18	58	32	0.763157894736842	0.36	0.236842105263158	0.285714285714286
100	99	Individual tool	MaAsLin3	14	13	1	37	0.0714285714285714	0.26	0.928571428571429	0.40625
100	99	Consensus rule	Union (1 of 7)	195	41	154	9	0.78974358974359	0.82	0.21025641025641	0.33469387755102
100	99	Consensus rule	2 of 7	75	30	45	20	0.6	0.6	0.4	0.48
100	99	Consensus rule	3 of 7	39	26	13	24	0.333333333333333	0.52	0.666666666666667	0.584269662921348
100	99	Consensus rule	4 of 7	31	24	7	26	0.225806451612903	0.48	0.774193548387097	0.592592592592593
100	99	Consensus rule	5 of 7	21	20	1	30	0.0476190476190476	0.4	0.952380952380952	0.563380281690141
100	99	Consensus rule	6 of 7	13	13	0	37	0	0.26	1	0.412698412698413
100	99	Consensus rule	Intersect (7 of 7)	11	11	0	39	0	0.22	1	0.360655737704918
100	100	Individual tool	edgeR	179	32	147	18	0.82122905027933	0.64	0.17877094972067	0.279475982532751
100	100	Individual tool	DESeq2	55	23	32	27	0.581818181818182	0.46	0.418181818181818	0.438095238095238
100	100	Individual tool	ALDEx2	16	16	0	34	0	0.32	1	0.484848484848485
100	100	Individual tool	metaSeq	33	24	9	26	0.272727272727273	0.48	0.727272727272727	0.578313253012048
100	100	Individual tool	ADAPT	24	24	0	26	0	0.48	1	0.648648648648649
100	100	Individual tool	ANCOMBC2	96	18	78	32	0.8125	0.36	0.1875	0.246575342465753
100	100	Individual tool	MaAsLin3	10	9	1	41	0.1	0.18	0.9	0.3
100	100	Consensus rule	Union (1 of 7)	215	36	179	14	0.832558139534884	0.72	0.167441860465116	0.271698113207547
100	100	Consensus rule	2 of 7	89	29	60	21	0.674157303370786	0.58	0.325842696629214	0.41726618705036
100	100	Consensus rule	3 of 7	47	26	21	24	0.446808510638298	0.52	0.553191489361702	0.536082474226804
100	100	Consensus rule	4 of 7	30	23	7	27	0.233333333333333	0.46	0.766666666666667	0.575
100	100	Consensus rule	5 of 7	15	15	0	35	0	0.3	1	0.461538461538462
100	100	Consensus rule	6 of 7	9	9	0	41	0	0.18	1	0.305084745762712
100	100	Consensus rule	Intersect (7 of 7)	8	8	0	42	0	0.16	1	0.275862068965517
